R1_path,R2_path,measurement_sets,Lane,file_modality
/cellar/users/aklie/data/datasets/tf_perturb_seq/datasets/Huangfu_HUES8-embryonic-stemcell-differentiation_TF-Perturb-seq/fastq_files/IGVFFI1811XKLC.fastq.gz,/cellar/users/aklie/data/datasets/tf_perturb_seq/datasets/Huangfu_HUES8-embryonic-stemcell-differentiation_TF-Perturb-seq/fastq_files/IGVFFI6857OAPN.fastq.gz,IGVFDS0746MYRH,1_22CCCNLT3,gRNA
/cellar/users/aklie/data/datasets/tf_perturb_seq/datasets/Huangfu_HUES8-embryonic-stemcell-differentiation_TF-Perturb-seq/fastq_files/IGVFFI0116KWAX.fastq.gz,/cellar/users/aklie/data/datasets/tf_perturb_seq/datasets/Huangfu_HUES8-embryonic-stemcell-differentiation_TF-Perturb-seq/fastq_files/IGVFFI1791HHXB.fastq.gz,IGVFDS0746MYRH,2_22CCCNLT3,gRNA
/cellar/users/aklie/data/datasets/tf_perturb_seq/datasets/Huangfu_HUES8-embryonic-stemcell-differentiation_TF-Perturb-seq/fastq_files/IGVFFI0774WXKJ.fastq.gz,/cellar/users/aklie/data/datasets/tf_perturb_seq/datasets/Huangfu_HUES8-embryonic-stemcell-differentiation_TF-Perturb-seq/fastq_files/IGVFFI3900DHJD.fastq.gz,IGVFDS0746MYRH,3_22CCCNLT3,gRNA
/cellar/users/aklie/data/datasets/tf_perturb_seq/datasets/Huangfu_HUES8-embryonic-stemcell-differentiation_TF-Perturb-seq/fastq_files/IGVFFI8495EVAS.fastq.gz,/cellar/users/aklie/data/datasets/tf_perturb_seq/datasets/Huangfu_HUES8-embryonic-stemcell-differentiation_TF-Perturb-seq/fastq_files/IGVFFI0762AEEP.fastq.gz,IGVFDS0746MYRH,4_22CCCNLT3,gRNA
/cellar/users/aklie/data/datasets/tf_perturb_seq/datasets/Huangfu_HUES8-embryonic-stemcell-differentiation_TF-Perturb-seq/fastq_files/IGVFFI3238XQSB.fastq.gz,/cellar/users/aklie/data/datasets/tf_perturb_seq/datasets/Huangfu_HUES8-embryonic-stemcell-differentiation_TF-Perturb-seq/fastq_files/IGVFFI3823RORN.fastq.gz,IGVFDS0746MYRH,5_22CCCNLT3,gRNA
/cellar/users/aklie/data/datasets/tf_perturb_seq/datasets/Huangfu_HUES8-embryonic-stemcell-differentiation_TF-Perturb-seq/fastq_files/IGVFFI4857EYKM.fastq.gz,/cellar/users/aklie/data/datasets/tf_perturb_seq/datasets/Huangfu_HUES8-embryonic-stemcell-differentiation_TF-Perturb-seq/fastq_files/IGVFFI3654PWMZ.fastq.gz,IGVFDS0746MYRH,6_22CCCNLT3,gRNA
/cellar/users/aklie/data/datasets/tf_perturb_seq/datasets/Huangfu_HUES8-embryonic-stemcell-differentiation_TF-Perturb-seq/fastq_files/IGVFFI6272YIFL.fastq.gz,/cellar/users/aklie/data/datasets/tf_perturb_seq/datasets/Huangfu_HUES8-embryonic-stemcell-differentiation_TF-Perturb-seq/fastq_files/IGVFFI3050UHAJ.fastq.gz,IGVFDS0746MYRH,7_22CCCNLT3,gRNA
/cellar/users/aklie/data/datasets/tf_perturb_seq/datasets/Huangfu_HUES8-embryonic-stemcell-differentiation_TF-Perturb-seq/fastq_files/IGVFFI4411IOQZ.fastq.gz,/cellar/users/aklie/data/datasets/tf_perturb_seq/datasets/Huangfu_HUES8-embryonic-stemcell-differentiation_TF-Perturb-seq/fastq_files/IGVFFI6811CWOR.fastq.gz,IGVFDS0746MYRH,8_22CCCNLT3,gRNA
/cellar/users/aklie/data/datasets/tf_perturb_seq/datasets/Huangfu_HUES8-embryonic-stemcell-differentiation_TF-Perturb-seq/fastq_files/IGVFFI2774GKWA.fastq.gz,/cellar/users/aklie/data/datasets/tf_perturb_seq/datasets/Huangfu_HUES8-embryonic-stemcell-differentiation_TF-Perturb-seq/fastq_files/IGVFFI4615VWFC.fastq.gz,IGVFDS0746MYRH,1_222WL5LT4,scRNA
/cellar/users/aklie/data/datasets/tf_perturb_seq/datasets/Huangfu_HUES8-embryonic-stemcell-differentiation_TF-Perturb-seq/fastq_files/IGVFFI8931QAIR.fastq.gz,/cellar/users/aklie/data/datasets/tf_perturb_seq/datasets/Huangfu_HUES8-embryonic-stemcell-differentiation_TF-Perturb-seq/fastq_files/IGVFFI3734RUZE.fastq.gz,IGVFDS0746MYRH,1_22CCCNLT3,scRNA
/cellar/users/aklie/data/datasets/tf_perturb_seq/datasets/Huangfu_HUES8-embryonic-stemcell-differentiation_TF-Perturb-seq/fastq_files/IGVFFI0607WVDG.fastq.gz,/cellar/users/aklie/data/datasets/tf_perturb_seq/datasets/Huangfu_HUES8-embryonic-stemcell-differentiation_TF-Perturb-seq/fastq_files/IGVFFI0823JXPJ.fastq.gz,IGVFDS0746MYRH,1_22HC77LT3,scRNA
/cellar/users/aklie/data/datasets/tf_perturb_seq/datasets/Huangfu_HUES8-embryonic-stemcell-differentiation_TF-Perturb-seq/fastq_files/IGVFFI7526TVXY.fastq.gz,/cellar/users/aklie/data/datasets/tf_perturb_seq/datasets/Huangfu_HUES8-embryonic-stemcell-differentiation_TF-Perturb-seq/fastq_files/IGVFFI6393UTNX.fastq.gz,IGVFDS0746MYRH,2_222WL5LT4,scRNA
/cellar/users/aklie/data/datasets/tf_perturb_seq/datasets/Huangfu_HUES8-embryonic-stemcell-differentiation_TF-Perturb-seq/fastq_files/IGVFFI5960IUUM.fastq.gz,/cellar/users/aklie/data/datasets/tf_perturb_seq/datasets/Huangfu_HUES8-embryonic-stemcell-differentiation_TF-Perturb-seq/fastq_files/IGVFFI7087SURD.fastq.gz,IGVFDS0746MYRH,2_22CCCNLT3,scRNA
/cellar/users/aklie/data/datasets/tf_perturb_seq/datasets/Huangfu_HUES8-embryonic-stemcell-differentiation_TF-Perturb-seq/fastq_files/IGVFFI6372IPHA.fastq.gz,/cellar/users/aklie/data/datasets/tf_perturb_seq/datasets/Huangfu_HUES8-embryonic-stemcell-differentiation_TF-Perturb-seq/fastq_files/IGVFFI8925RHTL.fastq.gz,IGVFDS0746MYRH,2_22HC77LT3,scRNA
/cellar/users/aklie/data/datasets/tf_perturb_seq/datasets/Huangfu_HUES8-embryonic-stemcell-differentiation_TF-Perturb-seq/fastq_files/IGVFFI9884XJDZ.fastq.gz,/cellar/users/aklie/data/datasets/tf_perturb_seq/datasets/Huangfu_HUES8-embryonic-stemcell-differentiation_TF-Perturb-seq/fastq_files/IGVFFI7055MSJF.fastq.gz,IGVFDS0746MYRH,3_222WL5LT4,scRNA
/cellar/users/aklie/data/datasets/tf_perturb_seq/datasets/Huangfu_HUES8-embryonic-stemcell-differentiation_TF-Perturb-seq/fastq_files/IGVFFI8393ENRM.fastq.gz,/cellar/users/aklie/data/datasets/tf_perturb_seq/datasets/Huangfu_HUES8-embryonic-stemcell-differentiation_TF-Perturb-seq/fastq_files/IGVFFI7937HTXB.fastq.gz,IGVFDS0746MYRH,3_22CCCNLT3,scRNA
/cellar/users/aklie/data/datasets/tf_perturb_seq/datasets/Huangfu_HUES8-embryonic-stemcell-differentiation_TF-Perturb-seq/fastq_files/IGVFFI0007EVLK.fastq.gz,/cellar/users/aklie/data/datasets/tf_perturb_seq/datasets/Huangfu_HUES8-embryonic-stemcell-differentiation_TF-Perturb-seq/fastq_files/IGVFFI2301YVRO.fastq.gz,IGVFDS0746MYRH,4_222VYVLT4,scRNA
/cellar/users/aklie/data/datasets/tf_perturb_seq/datasets/Huangfu_HUES8-embryonic-stemcell-differentiation_TF-Perturb-seq/fastq_files/IGVFFI5747EWTA.fastq.gz,/cellar/users/aklie/data/datasets/tf_perturb_seq/datasets/Huangfu_HUES8-embryonic-stemcell-differentiation_TF-Perturb-seq/fastq_files/IGVFFI0183DPVD.fastq.gz,IGVFDS0746MYRH,4_222WL5LT4,scRNA
/cellar/users/aklie/data/datasets/tf_perturb_seq/datasets/Huangfu_HUES8-embryonic-stemcell-differentiation_TF-Perturb-seq/fastq_files/IGVFFI0445LNHR.fastq.gz,/cellar/users/aklie/data/datasets/tf_perturb_seq/datasets/Huangfu_HUES8-embryonic-stemcell-differentiation_TF-Perturb-seq/fastq_files/IGVFFI2835GZYA.fastq.gz,IGVFDS0746MYRH,4_22CCCNLT3,scRNA
/cellar/users/aklie/data/datasets/tf_perturb_seq/datasets/Huangfu_HUES8-embryonic-stemcell-differentiation_TF-Perturb-seq/fastq_files/IGVFFI2510DHTR.fastq.gz,/cellar/users/aklie/data/datasets/tf_perturb_seq/datasets/Huangfu_HUES8-embryonic-stemcell-differentiation_TF-Perturb-seq/fastq_files/IGVFFI2456JTIK.fastq.gz,IGVFDS0746MYRH,5_222VYVLT4,scRNA
/cellar/users/aklie/data/datasets/tf_perturb_seq/datasets/Huangfu_HUES8-embryonic-stemcell-differentiation_TF-Perturb-seq/fastq_files/IGVFFI3923RFNM.fastq.gz,/cellar/users/aklie/data/datasets/tf_perturb_seq/datasets/Huangfu_HUES8-embryonic-stemcell-differentiation_TF-Perturb-seq/fastq_files/IGVFFI7396CQSO.fastq.gz,IGVFDS0746MYRH,5_22CCCNLT3,scRNA
/cellar/users/aklie/data/datasets/tf_perturb_seq/datasets/Huangfu_HUES8-embryonic-stemcell-differentiation_TF-Perturb-seq/fastq_files/IGVFFI3852EDEV.fastq.gz,/cellar/users/aklie/data/datasets/tf_perturb_seq/datasets/Huangfu_HUES8-embryonic-stemcell-differentiation_TF-Perturb-seq/fastq_files/IGVFFI6981KDCB.fastq.gz,IGVFDS0746MYRH,6_222VYVLT4,scRNA
/cellar/users/aklie/data/datasets/tf_perturb_seq/datasets/Huangfu_HUES8-embryonic-stemcell-differentiation_TF-Perturb-seq/fastq_files/IGVFFI4208GUZS.fastq.gz,/cellar/users/aklie/data/datasets/tf_perturb_seq/datasets/Huangfu_HUES8-embryonic-stemcell-differentiation_TF-Perturb-seq/fastq_files/IGVFFI4935QCUX.fastq.gz,IGVFDS0746MYRH,6_22CCCNLT3,scRNA
/cellar/users/aklie/data/datasets/tf_perturb_seq/datasets/Huangfu_HUES8-embryonic-stemcell-differentiation_TF-Perturb-seq/fastq_files/IGVFFI9154ZQSY.fastq.gz,/cellar/users/aklie/data/datasets/tf_perturb_seq/datasets/Huangfu_HUES8-embryonic-stemcell-differentiation_TF-Perturb-seq/fastq_files/IGVFFI4636QSWJ.fastq.gz,IGVFDS0746MYRH,7_22CCCNLT3,scRNA
/cellar/users/aklie/data/datasets/tf_perturb_seq/datasets/Huangfu_HUES8-embryonic-stemcell-differentiation_TF-Perturb-seq/fastq_files/IGVFFI8765BWBY.fastq.gz,/cellar/users/aklie/data/datasets/tf_perturb_seq/datasets/Huangfu_HUES8-embryonic-stemcell-differentiation_TF-Perturb-seq/fastq_files/IGVFFI5482LKIV.fastq.gz,IGVFDS0746MYRH,8_22CCCNLT3,scRNA
/cellar/users/aklie/data/datasets/tf_perturb_seq/datasets/Huangfu_HUES8-embryonic-stemcell-differentiation_TF-Perturb-seq/fastq_files/IGVFFI4770JDPX.fastq.gz,/cellar/users/aklie/data/datasets/tf_perturb_seq/datasets/Huangfu_HUES8-embryonic-stemcell-differentiation_TF-Perturb-seq/fastq_files/IGVFFI6732WSNQ.fastq.gz,IGVFDS0956UUQN,1_22CCCNLT3,gRNA
/cellar/users/aklie/data/datasets/tf_perturb_seq/datasets/Huangfu_HUES8-embryonic-stemcell-differentiation_TF-Perturb-seq/fastq_files/IGVFFI2814EVRG.fastq.gz,/cellar/users/aklie/data/datasets/tf_perturb_seq/datasets/Huangfu_HUES8-embryonic-stemcell-differentiation_TF-Perturb-seq/fastq_files/IGVFFI2086LWKM.fastq.gz,IGVFDS0956UUQN,2_22CCCNLT3,gRNA
/cellar/users/aklie/data/datasets/tf_perturb_seq/datasets/Huangfu_HUES8-embryonic-stemcell-differentiation_TF-Perturb-seq/fastq_files/IGVFFI4210KOIU.fastq.gz,/cellar/users/aklie/data/datasets/tf_perturb_seq/datasets/Huangfu_HUES8-embryonic-stemcell-differentiation_TF-Perturb-seq/fastq_files/IGVFFI6582REBP.fastq.gz,IGVFDS0956UUQN,3_22CCCNLT3,gRNA
/cellar/users/aklie/data/datasets/tf_perturb_seq/datasets/Huangfu_HUES8-embryonic-stemcell-differentiation_TF-Perturb-seq/fastq_files/IGVFFI0372FLLF.fastq.gz,/cellar/users/aklie/data/datasets/tf_perturb_seq/datasets/Huangfu_HUES8-embryonic-stemcell-differentiation_TF-Perturb-seq/fastq_files/IGVFFI7932EBPX.fastq.gz,IGVFDS0956UUQN,4_22CCCNLT3,gRNA
/cellar/users/aklie/data/datasets/tf_perturb_seq/datasets/Huangfu_HUES8-embryonic-stemcell-differentiation_TF-Perturb-seq/fastq_files/IGVFFI1164EPEX.fastq.gz,/cellar/users/aklie/data/datasets/tf_perturb_seq/datasets/Huangfu_HUES8-embryonic-stemcell-differentiation_TF-Perturb-seq/fastq_files/IGVFFI6153YZTL.fastq.gz,IGVFDS0956UUQN,5_22CCCNLT3,gRNA
/cellar/users/aklie/data/datasets/tf_perturb_seq/datasets/Huangfu_HUES8-embryonic-stemcell-differentiation_TF-Perturb-seq/fastq_files/IGVFFI7995EWLF.fastq.gz,/cellar/users/aklie/data/datasets/tf_perturb_seq/datasets/Huangfu_HUES8-embryonic-stemcell-differentiation_TF-Perturb-seq/fastq_files/IGVFFI9340QWFA.fastq.gz,IGVFDS0956UUQN,6_22CCCNLT3,gRNA
/cellar/users/aklie/data/datasets/tf_perturb_seq/datasets/Huangfu_HUES8-embryonic-stemcell-differentiation_TF-Perturb-seq/fastq_files/IGVFFI7387VUFC.fastq.gz,/cellar/users/aklie/data/datasets/tf_perturb_seq/datasets/Huangfu_HUES8-embryonic-stemcell-differentiation_TF-Perturb-seq/fastq_files/IGVFFI8710EEKP.fastq.gz,IGVFDS0956UUQN,7_22CCCNLT3,gRNA
/cellar/users/aklie/data/datasets/tf_perturb_seq/datasets/Huangfu_HUES8-embryonic-stemcell-differentiation_TF-Perturb-seq/fastq_files/IGVFFI5933ISNI.fastq.gz,/cellar/users/aklie/data/datasets/tf_perturb_seq/datasets/Huangfu_HUES8-embryonic-stemcell-differentiation_TF-Perturb-seq/fastq_files/IGVFFI7483LRIB.fastq.gz,IGVFDS0956UUQN,8_22CCCNLT3,gRNA
/cellar/users/aklie/data/datasets/tf_perturb_seq/datasets/Huangfu_HUES8-embryonic-stemcell-differentiation_TF-Perturb-seq/fastq_files/IGVFFI9498XSZP.fastq.gz,/cellar/users/aklie/data/datasets/tf_perturb_seq/datasets/Huangfu_HUES8-embryonic-stemcell-differentiation_TF-Perturb-seq/fastq_files/IGVFFI7402ZAOY.fastq.gz,IGVFDS0956UUQN,1_222VYVLT4,scRNA
/cellar/users/aklie/data/datasets/tf_perturb_seq/datasets/Huangfu_HUES8-embryonic-stemcell-differentiation_TF-Perturb-seq/fastq_files/IGVFFI2896BDNA.fastq.gz,/cellar/users/aklie/data/datasets/tf_perturb_seq/datasets/Huangfu_HUES8-embryonic-stemcell-differentiation_TF-Perturb-seq/fastq_files/IGVFFI0719EWYM.fastq.gz,IGVFDS0956UUQN,1_222WL5LT4,scRNA
/cellar/users/aklie/data/datasets/tf_perturb_seq/datasets/Huangfu_HUES8-embryonic-stemcell-differentiation_TF-Perturb-seq/fastq_files/IGVFFI0561YJXU.fastq.gz,/cellar/users/aklie/data/datasets/tf_perturb_seq/datasets/Huangfu_HUES8-embryonic-stemcell-differentiation_TF-Perturb-seq/fastq_files/IGVFFI3671IJGP.fastq.gz,IGVFDS0956UUQN,1_22CCCNLT3,scRNA
/cellar/users/aklie/data/datasets/tf_perturb_seq/datasets/Huangfu_HUES8-embryonic-stemcell-differentiation_TF-Perturb-seq/fastq_files/IGVFFI6279ESET.fastq.gz,/cellar/users/aklie/data/datasets/tf_perturb_seq/datasets/Huangfu_HUES8-embryonic-stemcell-differentiation_TF-Perturb-seq/fastq_files/IGVFFI2163JKVJ.fastq.gz,IGVFDS0956UUQN,1_22HC77LT3,scRNA
/cellar/users/aklie/data/datasets/tf_perturb_seq/datasets/Huangfu_HUES8-embryonic-stemcell-differentiation_TF-Perturb-seq/fastq_files/IGVFFI4426ZPFE.fastq.gz,/cellar/users/aklie/data/datasets/tf_perturb_seq/datasets/Huangfu_HUES8-embryonic-stemcell-differentiation_TF-Perturb-seq/fastq_files/IGVFFI7591TXAF.fastq.gz,IGVFDS0956UUQN,2_222VYVLT4,scRNA
/cellar/users/aklie/data/datasets/tf_perturb_seq/datasets/Huangfu_HUES8-embryonic-stemcell-differentiation_TF-Perturb-seq/fastq_files/IGVFFI6770TXFD.fastq.gz,/cellar/users/aklie/data/datasets/tf_perturb_seq/datasets/Huangfu_HUES8-embryonic-stemcell-differentiation_TF-Perturb-seq/fastq_files/IGVFFI2006ZHSL.fastq.gz,IGVFDS0956UUQN,2_222WL5LT4,scRNA
/cellar/users/aklie/data/datasets/tf_perturb_seq/datasets/Huangfu_HUES8-embryonic-stemcell-differentiation_TF-Perturb-seq/fastq_files/IGVFFI5058QADJ.fastq.gz,/cellar/users/aklie/data/datasets/tf_perturb_seq/datasets/Huangfu_HUES8-embryonic-stemcell-differentiation_TF-Perturb-seq/fastq_files/IGVFFI5730CJUP.fastq.gz,IGVFDS0956UUQN,2_22CCCNLT3,scRNA
/cellar/users/aklie/data/datasets/tf_perturb_seq/datasets/Huangfu_HUES8-embryonic-stemcell-differentiation_TF-Perturb-seq/fastq_files/IGVFFI4770JIIV.fastq.gz,/cellar/users/aklie/data/datasets/tf_perturb_seq/datasets/Huangfu_HUES8-embryonic-stemcell-differentiation_TF-Perturb-seq/fastq_files/IGVFFI8012NBXL.fastq.gz,IGVFDS0956UUQN,2_22HC77LT3,scRNA
/cellar/users/aklie/data/datasets/tf_perturb_seq/datasets/Huangfu_HUES8-embryonic-stemcell-differentiation_TF-Perturb-seq/fastq_files/IGVFFI3091GMNC.fastq.gz,/cellar/users/aklie/data/datasets/tf_perturb_seq/datasets/Huangfu_HUES8-embryonic-stemcell-differentiation_TF-Perturb-seq/fastq_files/IGVFFI6966PTSS.fastq.gz,IGVFDS0956UUQN,3_222VYVLT4,scRNA
/cellar/users/aklie/data/datasets/tf_perturb_seq/datasets/Huangfu_HUES8-embryonic-stemcell-differentiation_TF-Perturb-seq/fastq_files/IGVFFI0312WULK.fastq.gz,/cellar/users/aklie/data/datasets/tf_perturb_seq/datasets/Huangfu_HUES8-embryonic-stemcell-differentiation_TF-Perturb-seq/fastq_files/IGVFFI3709CMEN.fastq.gz,IGVFDS0956UUQN,3_222WL5LT4,scRNA
/cellar/users/aklie/data/datasets/tf_perturb_seq/datasets/Huangfu_HUES8-embryonic-stemcell-differentiation_TF-Perturb-seq/fastq_files/IGVFFI3518BJGT.fastq.gz,/cellar/users/aklie/data/datasets/tf_perturb_seq/datasets/Huangfu_HUES8-embryonic-stemcell-differentiation_TF-Perturb-seq/fastq_files/IGVFFI4338QYNG.fastq.gz,IGVFDS0956UUQN,3_22CCCNLT3,scRNA
/cellar/users/aklie/data/datasets/tf_perturb_seq/datasets/Huangfu_HUES8-embryonic-stemcell-differentiation_TF-Perturb-seq/fastq_files/IGVFFI0007CFDJ.fastq.gz,/cellar/users/aklie/data/datasets/tf_perturb_seq/datasets/Huangfu_HUES8-embryonic-stemcell-differentiation_TF-Perturb-seq/fastq_files/IGVFFI0977UPGQ.fastq.gz,IGVFDS0956UUQN,4_222WL5LT4,scRNA
/cellar/users/aklie/data/datasets/tf_perturb_seq/datasets/Huangfu_HUES8-embryonic-stemcell-differentiation_TF-Perturb-seq/fastq_files/IGVFFI6275LTZC.fastq.gz,/cellar/users/aklie/data/datasets/tf_perturb_seq/datasets/Huangfu_HUES8-embryonic-stemcell-differentiation_TF-Perturb-seq/fastq_files/IGVFFI2258XYAO.fastq.gz,IGVFDS0956UUQN,4_22CCCNLT3,scRNA
/cellar/users/aklie/data/datasets/tf_perturb_seq/datasets/Huangfu_HUES8-embryonic-stemcell-differentiation_TF-Perturb-seq/fastq_files/IGVFFI3228OFXR.fastq.gz,/cellar/users/aklie/data/datasets/tf_perturb_seq/datasets/Huangfu_HUES8-embryonic-stemcell-differentiation_TF-Perturb-seq/fastq_files/IGVFFI4414UEYA.fastq.gz,IGVFDS0956UUQN,5_22CCCNLT3,scRNA
/cellar/users/aklie/data/datasets/tf_perturb_seq/datasets/Huangfu_HUES8-embryonic-stemcell-differentiation_TF-Perturb-seq/fastq_files/IGVFFI3964PQJX.fastq.gz,/cellar/users/aklie/data/datasets/tf_perturb_seq/datasets/Huangfu_HUES8-embryonic-stemcell-differentiation_TF-Perturb-seq/fastq_files/IGVFFI7152GXHT.fastq.gz,IGVFDS0956UUQN,6_22CCCNLT3,scRNA
/cellar/users/aklie/data/datasets/tf_perturb_seq/datasets/Huangfu_HUES8-embryonic-stemcell-differentiation_TF-Perturb-seq/fastq_files/IGVFFI0271KYWC.fastq.gz,/cellar/users/aklie/data/datasets/tf_perturb_seq/datasets/Huangfu_HUES8-embryonic-stemcell-differentiation_TF-Perturb-seq/fastq_files/IGVFFI6086ZMIF.fastq.gz,IGVFDS0956UUQN,7_22CCCNLT3,scRNA
/cellar/users/aklie/data/datasets/tf_perturb_seq/datasets/Huangfu_HUES8-embryonic-stemcell-differentiation_TF-Perturb-seq/fastq_files/IGVFFI2273VKQA.fastq.gz,/cellar/users/aklie/data/datasets/tf_perturb_seq/datasets/Huangfu_HUES8-embryonic-stemcell-differentiation_TF-Perturb-seq/fastq_files/IGVFFI1524FHEU.fastq.gz,IGVFDS0956UUQN,8_22CCCNLT3,scRNA
/cellar/users/aklie/data/datasets/tf_perturb_seq/datasets/Huangfu_HUES8-embryonic-stemcell-differentiation_TF-Perturb-seq/fastq_files/IGVFFI6312CNLQ.fastq.gz,/cellar/users/aklie/data/datasets/tf_perturb_seq/datasets/Huangfu_HUES8-embryonic-stemcell-differentiation_TF-Perturb-seq/fastq_files/IGVFFI9690PMXR.fastq.gz,IGVFDS2908DIHX,1_22CCCNLT3,gRNA
/cellar/users/aklie/data/datasets/tf_perturb_seq/datasets/Huangfu_HUES8-embryonic-stemcell-differentiation_TF-Perturb-seq/fastq_files/IGVFFI4316FXYW.fastq.gz,/cellar/users/aklie/data/datasets/tf_perturb_seq/datasets/Huangfu_HUES8-embryonic-stemcell-differentiation_TF-Perturb-seq/fastq_files/IGVFFI1217PEZG.fastq.gz,IGVFDS2908DIHX,2_22CCCNLT3,gRNA
/cellar/users/aklie/data/datasets/tf_perturb_seq/datasets/Huangfu_HUES8-embryonic-stemcell-differentiation_TF-Perturb-seq/fastq_files/IGVFFI7147YGYE.fastq.gz,/cellar/users/aklie/data/datasets/tf_perturb_seq/datasets/Huangfu_HUES8-embryonic-stemcell-differentiation_TF-Perturb-seq/fastq_files/IGVFFI3698JIIM.fastq.gz,IGVFDS2908DIHX,3_22CCCNLT3,gRNA
/cellar/users/aklie/data/datasets/tf_perturb_seq/datasets/Huangfu_HUES8-embryonic-stemcell-differentiation_TF-Perturb-seq/fastq_files/IGVFFI0303BLTQ.fastq.gz,/cellar/users/aklie/data/datasets/tf_perturb_seq/datasets/Huangfu_HUES8-embryonic-stemcell-differentiation_TF-Perturb-seq/fastq_files/IGVFFI0214ISJL.fastq.gz,IGVFDS2908DIHX,4_22CCCNLT3,gRNA
/cellar/users/aklie/data/datasets/tf_perturb_seq/datasets/Huangfu_HUES8-embryonic-stemcell-differentiation_TF-Perturb-seq/fastq_files/IGVFFI0740BGEQ.fastq.gz,/cellar/users/aklie/data/datasets/tf_perturb_seq/datasets/Huangfu_HUES8-embryonic-stemcell-differentiation_TF-Perturb-seq/fastq_files/IGVFFI7518TLTQ.fastq.gz,IGVFDS2908DIHX,5_22CCCNLT3,gRNA
/cellar/users/aklie/data/datasets/tf_perturb_seq/datasets/Huangfu_HUES8-embryonic-stemcell-differentiation_TF-Perturb-seq/fastq_files/IGVFFI1998UXFW.fastq.gz,/cellar/users/aklie/data/datasets/tf_perturb_seq/datasets/Huangfu_HUES8-embryonic-stemcell-differentiation_TF-Perturb-seq/fastq_files/IGVFFI6911JITS.fastq.gz,IGVFDS2908DIHX,6_22CCCNLT3,gRNA
/cellar/users/aklie/data/datasets/tf_perturb_seq/datasets/Huangfu_HUES8-embryonic-stemcell-differentiation_TF-Perturb-seq/fastq_files/IGVFFI9099RTLX.fastq.gz,/cellar/users/aklie/data/datasets/tf_perturb_seq/datasets/Huangfu_HUES8-embryonic-stemcell-differentiation_TF-Perturb-seq/fastq_files/IGVFFI7243BMTG.fastq.gz,IGVFDS2908DIHX,7_22CCCNLT3,gRNA
/cellar/users/aklie/data/datasets/tf_perturb_seq/datasets/Huangfu_HUES8-embryonic-stemcell-differentiation_TF-Perturb-seq/fastq_files/IGVFFI8389XKIQ.fastq.gz,/cellar/users/aklie/data/datasets/tf_perturb_seq/datasets/Huangfu_HUES8-embryonic-stemcell-differentiation_TF-Perturb-seq/fastq_files/IGVFFI7934CTXE.fastq.gz,IGVFDS2908DIHX,8_22CCCNLT3,gRNA
/cellar/users/aklie/data/datasets/tf_perturb_seq/datasets/Huangfu_HUES8-embryonic-stemcell-differentiation_TF-Perturb-seq/fastq_files/IGVFFI8853ENOK.fastq.gz,/cellar/users/aklie/data/datasets/tf_perturb_seq/datasets/Huangfu_HUES8-embryonic-stemcell-differentiation_TF-Perturb-seq/fastq_files/IGVFFI6042JABS.fastq.gz,IGVFDS2908DIHX,1_222WL5LT4,scRNA
/cellar/users/aklie/data/datasets/tf_perturb_seq/datasets/Huangfu_HUES8-embryonic-stemcell-differentiation_TF-Perturb-seq/fastq_files/IGVFFI3257LRTB.fastq.gz,/cellar/users/aklie/data/datasets/tf_perturb_seq/datasets/Huangfu_HUES8-embryonic-stemcell-differentiation_TF-Perturb-seq/fastq_files/IGVFFI0003QPJT.fastq.gz,IGVFDS2908DIHX,1_22CCCNLT3,scRNA
/cellar/users/aklie/data/datasets/tf_perturb_seq/datasets/Huangfu_HUES8-embryonic-stemcell-differentiation_TF-Perturb-seq/fastq_files/IGVFFI8193MHFA.fastq.gz,/cellar/users/aklie/data/datasets/tf_perturb_seq/datasets/Huangfu_HUES8-embryonic-stemcell-differentiation_TF-Perturb-seq/fastq_files/IGVFFI6353IWCG.fastq.gz,IGVFDS2908DIHX,1_22HC77LT3,scRNA
/cellar/users/aklie/data/datasets/tf_perturb_seq/datasets/Huangfu_HUES8-embryonic-stemcell-differentiation_TF-Perturb-seq/fastq_files/IGVFFI0743QPJN.fastq.gz,/cellar/users/aklie/data/datasets/tf_perturb_seq/datasets/Huangfu_HUES8-embryonic-stemcell-differentiation_TF-Perturb-seq/fastq_files/IGVFFI8782CWWX.fastq.gz,IGVFDS2908DIHX,2_222WL5LT4,scRNA
/cellar/users/aklie/data/datasets/tf_perturb_seq/datasets/Huangfu_HUES8-embryonic-stemcell-differentiation_TF-Perturb-seq/fastq_files/IGVFFI6823HQRH.fastq.gz,/cellar/users/aklie/data/datasets/tf_perturb_seq/datasets/Huangfu_HUES8-embryonic-stemcell-differentiation_TF-Perturb-seq/fastq_files/IGVFFI3679JOHW.fastq.gz,IGVFDS2908DIHX,2_22CCCNLT3,scRNA
/cellar/users/aklie/data/datasets/tf_perturb_seq/datasets/Huangfu_HUES8-embryonic-stemcell-differentiation_TF-Perturb-seq/fastq_files/IGVFFI9982KFYD.fastq.gz,/cellar/users/aklie/data/datasets/tf_perturb_seq/datasets/Huangfu_HUES8-embryonic-stemcell-differentiation_TF-Perturb-seq/fastq_files/IGVFFI9285KRUW.fastq.gz,IGVFDS2908DIHX,2_22HC77LT3,scRNA
/cellar/users/aklie/data/datasets/tf_perturb_seq/datasets/Huangfu_HUES8-embryonic-stemcell-differentiation_TF-Perturb-seq/fastq_files/IGVFFI4893MROF.fastq.gz,/cellar/users/aklie/data/datasets/tf_perturb_seq/datasets/Huangfu_HUES8-embryonic-stemcell-differentiation_TF-Perturb-seq/fastq_files/IGVFFI8046BJKZ.fastq.gz,IGVFDS2908DIHX,3_222WL5LT4,scRNA
/cellar/users/aklie/data/datasets/tf_perturb_seq/datasets/Huangfu_HUES8-embryonic-stemcell-differentiation_TF-Perturb-seq/fastq_files/IGVFFI6991CUSY.fastq.gz,/cellar/users/aklie/data/datasets/tf_perturb_seq/datasets/Huangfu_HUES8-embryonic-stemcell-differentiation_TF-Perturb-seq/fastq_files/IGVFFI4514YAOE.fastq.gz,IGVFDS2908DIHX,3_22CCCNLT3,scRNA
/cellar/users/aklie/data/datasets/tf_perturb_seq/datasets/Huangfu_HUES8-embryonic-stemcell-differentiation_TF-Perturb-seq/fastq_files/IGVFFI4671CYFK.fastq.gz,/cellar/users/aklie/data/datasets/tf_perturb_seq/datasets/Huangfu_HUES8-embryonic-stemcell-differentiation_TF-Perturb-seq/fastq_files/IGVFFI4085OHNK.fastq.gz,IGVFDS2908DIHX,4_222VYVLT4,scRNA
/cellar/users/aklie/data/datasets/tf_perturb_seq/datasets/Huangfu_HUES8-embryonic-stemcell-differentiation_TF-Perturb-seq/fastq_files/IGVFFI7551DLDS.fastq.gz,/cellar/users/aklie/data/datasets/tf_perturb_seq/datasets/Huangfu_HUES8-embryonic-stemcell-differentiation_TF-Perturb-seq/fastq_files/IGVFFI6061NDVF.fastq.gz,IGVFDS2908DIHX,4_222WL5LT4,scRNA
/cellar/users/aklie/data/datasets/tf_perturb_seq/datasets/Huangfu_HUES8-embryonic-stemcell-differentiation_TF-Perturb-seq/fastq_files/IGVFFI4465AWKM.fastq.gz,/cellar/users/aklie/data/datasets/tf_perturb_seq/datasets/Huangfu_HUES8-embryonic-stemcell-differentiation_TF-Perturb-seq/fastq_files/IGVFFI5529PNQM.fastq.gz,IGVFDS2908DIHX,4_22CCCNLT3,scRNA
/cellar/users/aklie/data/datasets/tf_perturb_seq/datasets/Huangfu_HUES8-embryonic-stemcell-differentiation_TF-Perturb-seq/fastq_files/IGVFFI4636MVKQ.fastq.gz,/cellar/users/aklie/data/datasets/tf_perturb_seq/datasets/Huangfu_HUES8-embryonic-stemcell-differentiation_TF-Perturb-seq/fastq_files/IGVFFI0506HFQC.fastq.gz,IGVFDS2908DIHX,5_222VYVLT4,scRNA
/cellar/users/aklie/data/datasets/tf_perturb_seq/datasets/Huangfu_HUES8-embryonic-stemcell-differentiation_TF-Perturb-seq/fastq_files/IGVFFI4486OSGP.fastq.gz,/cellar/users/aklie/data/datasets/tf_perturb_seq/datasets/Huangfu_HUES8-embryonic-stemcell-differentiation_TF-Perturb-seq/fastq_files/IGVFFI8186QBLR.fastq.gz,IGVFDS2908DIHX,5_22CCCNLT3,scRNA
/cellar/users/aklie/data/datasets/tf_perturb_seq/datasets/Huangfu_HUES8-embryonic-stemcell-differentiation_TF-Perturb-seq/fastq_files/IGVFFI4571QJGZ.fastq.gz,/cellar/users/aklie/data/datasets/tf_perturb_seq/datasets/Huangfu_HUES8-embryonic-stemcell-differentiation_TF-Perturb-seq/fastq_files/IGVFFI0324WWMW.fastq.gz,IGVFDS2908DIHX,6_222VYVLT4,scRNA
/cellar/users/aklie/data/datasets/tf_perturb_seq/datasets/Huangfu_HUES8-embryonic-stemcell-differentiation_TF-Perturb-seq/fastq_files/IGVFFI1509WOZA.fastq.gz,/cellar/users/aklie/data/datasets/tf_perturb_seq/datasets/Huangfu_HUES8-embryonic-stemcell-differentiation_TF-Perturb-seq/fastq_files/IGVFFI8506LHRP.fastq.gz,IGVFDS2908DIHX,6_22CCCNLT3,scRNA
/cellar/users/aklie/data/datasets/tf_perturb_seq/datasets/Huangfu_HUES8-embryonic-stemcell-differentiation_TF-Perturb-seq/fastq_files/IGVFFI4549VCHR.fastq.gz,/cellar/users/aklie/data/datasets/tf_perturb_seq/datasets/Huangfu_HUES8-embryonic-stemcell-differentiation_TF-Perturb-seq/fastq_files/IGVFFI1563WDBM.fastq.gz,IGVFDS2908DIHX,7_22CCCNLT3,scRNA
/cellar/users/aklie/data/datasets/tf_perturb_seq/datasets/Huangfu_HUES8-embryonic-stemcell-differentiation_TF-Perturb-seq/fastq_files/IGVFFI1450MUKQ.fastq.gz,/cellar/users/aklie/data/datasets/tf_perturb_seq/datasets/Huangfu_HUES8-embryonic-stemcell-differentiation_TF-Perturb-seq/fastq_files/IGVFFI1374JXHK.fastq.gz,IGVFDS2908DIHX,8_22CCCNLT3,scRNA
/cellar/users/aklie/data/datasets/tf_perturb_seq/datasets/Huangfu_HUES8-embryonic-stemcell-differentiation_TF-Perturb-seq/fastq_files/IGVFFI3384UFHT.fastq.gz,/cellar/users/aklie/data/datasets/tf_perturb_seq/datasets/Huangfu_HUES8-embryonic-stemcell-differentiation_TF-Perturb-seq/fastq_files/IGVFFI2524FXAY.fastq.gz,IGVFDS2940LYGK,1_22CCCNLT3,gRNA
/cellar/users/aklie/data/datasets/tf_perturb_seq/datasets/Huangfu_HUES8-embryonic-stemcell-differentiation_TF-Perturb-seq/fastq_files/IGVFFI8891TLYB.fastq.gz,/cellar/users/aklie/data/datasets/tf_perturb_seq/datasets/Huangfu_HUES8-embryonic-stemcell-differentiation_TF-Perturb-seq/fastq_files/IGVFFI5440NHAT.fastq.gz,IGVFDS2940LYGK,2_22CCCNLT3,gRNA
/cellar/users/aklie/data/datasets/tf_perturb_seq/datasets/Huangfu_HUES8-embryonic-stemcell-differentiation_TF-Perturb-seq/fastq_files/IGVFFI9111RTEE.fastq.gz,/cellar/users/aklie/data/datasets/tf_perturb_seq/datasets/Huangfu_HUES8-embryonic-stemcell-differentiation_TF-Perturb-seq/fastq_files/IGVFFI0628FZJT.fastq.gz,IGVFDS2940LYGK,3_22CCCNLT3,gRNA
/cellar/users/aklie/data/datasets/tf_perturb_seq/datasets/Huangfu_HUES8-embryonic-stemcell-differentiation_TF-Perturb-seq/fastq_files/IGVFFI4722URQS.fastq.gz,/cellar/users/aklie/data/datasets/tf_perturb_seq/datasets/Huangfu_HUES8-embryonic-stemcell-differentiation_TF-Perturb-seq/fastq_files/IGVFFI0273HBMH.fastq.gz,IGVFDS2940LYGK,4_22CCCNLT3,gRNA
/cellar/users/aklie/data/datasets/tf_perturb_seq/datasets/Huangfu_HUES8-embryonic-stemcell-differentiation_TF-Perturb-seq/fastq_files/IGVFFI8735LIUJ.fastq.gz,/cellar/users/aklie/data/datasets/tf_perturb_seq/datasets/Huangfu_HUES8-embryonic-stemcell-differentiation_TF-Perturb-seq/fastq_files/IGVFFI6819VIPV.fastq.gz,IGVFDS2940LYGK,5_22CCCNLT3,gRNA
/cellar/users/aklie/data/datasets/tf_perturb_seq/datasets/Huangfu_HUES8-embryonic-stemcell-differentiation_TF-Perturb-seq/fastq_files/IGVFFI6971ZWGH.fastq.gz,/cellar/users/aklie/data/datasets/tf_perturb_seq/datasets/Huangfu_HUES8-embryonic-stemcell-differentiation_TF-Perturb-seq/fastq_files/IGVFFI8172MQBL.fastq.gz,IGVFDS2940LYGK,6_22CCCNLT3,gRNA
/cellar/users/aklie/data/datasets/tf_perturb_seq/datasets/Huangfu_HUES8-embryonic-stemcell-differentiation_TF-Perturb-seq/fastq_files/IGVFFI1320DZID.fastq.gz,/cellar/users/aklie/data/datasets/tf_perturb_seq/datasets/Huangfu_HUES8-embryonic-stemcell-differentiation_TF-Perturb-seq/fastq_files/IGVFFI8507AJWF.fastq.gz,IGVFDS2940LYGK,7_22CCCNLT3,gRNA
/cellar/users/aklie/data/datasets/tf_perturb_seq/datasets/Huangfu_HUES8-embryonic-stemcell-differentiation_TF-Perturb-seq/fastq_files/IGVFFI5965KHIS.fastq.gz,/cellar/users/aklie/data/datasets/tf_perturb_seq/datasets/Huangfu_HUES8-embryonic-stemcell-differentiation_TF-Perturb-seq/fastq_files/IGVFFI8752SNVW.fastq.gz,IGVFDS2940LYGK,8_22CCCNLT3,gRNA
/cellar/users/aklie/data/datasets/tf_perturb_seq/datasets/Huangfu_HUES8-embryonic-stemcell-differentiation_TF-Perturb-seq/fastq_files/IGVFFI5627WCXB.fastq.gz,/cellar/users/aklie/data/datasets/tf_perturb_seq/datasets/Huangfu_HUES8-embryonic-stemcell-differentiation_TF-Perturb-seq/fastq_files/IGVFFI8009FOLA.fastq.gz,IGVFDS2940LYGK,1_222WL5LT4,scRNA
/cellar/users/aklie/data/datasets/tf_perturb_seq/datasets/Huangfu_HUES8-embryonic-stemcell-differentiation_TF-Perturb-seq/fastq_files/IGVFFI6666QJAF.fastq.gz,/cellar/users/aklie/data/datasets/tf_perturb_seq/datasets/Huangfu_HUES8-embryonic-stemcell-differentiation_TF-Perturb-seq/fastq_files/IGVFFI9599XNFD.fastq.gz,IGVFDS2940LYGK,1_22CCCNLT3,scRNA
/cellar/users/aklie/data/datasets/tf_perturb_seq/datasets/Huangfu_HUES8-embryonic-stemcell-differentiation_TF-Perturb-seq/fastq_files/IGVFFI6077KTUX.fastq.gz,/cellar/users/aklie/data/datasets/tf_perturb_seq/datasets/Huangfu_HUES8-embryonic-stemcell-differentiation_TF-Perturb-seq/fastq_files/IGVFFI9909PJRL.fastq.gz,IGVFDS2940LYGK,1_22HC77LT3,scRNA
/cellar/users/aklie/data/datasets/tf_perturb_seq/datasets/Huangfu_HUES8-embryonic-stemcell-differentiation_TF-Perturb-seq/fastq_files/IGVFFI6269ZIAG.fastq.gz,/cellar/users/aklie/data/datasets/tf_perturb_seq/datasets/Huangfu_HUES8-embryonic-stemcell-differentiation_TF-Perturb-seq/fastq_files/IGVFFI1539ABFN.fastq.gz,IGVFDS2940LYGK,2_222WL5LT4,scRNA
/cellar/users/aklie/data/datasets/tf_perturb_seq/datasets/Huangfu_HUES8-embryonic-stemcell-differentiation_TF-Perturb-seq/fastq_files/IGVFFI3529SNUE.fastq.gz,/cellar/users/aklie/data/datasets/tf_perturb_seq/datasets/Huangfu_HUES8-embryonic-stemcell-differentiation_TF-Perturb-seq/fastq_files/IGVFFI3786UVXQ.fastq.gz,IGVFDS2940LYGK,2_22CCCNLT3,scRNA
/cellar/users/aklie/data/datasets/tf_perturb_seq/datasets/Huangfu_HUES8-embryonic-stemcell-differentiation_TF-Perturb-seq/fastq_files/IGVFFI5231QCGK.fastq.gz,/cellar/users/aklie/data/datasets/tf_perturb_seq/datasets/Huangfu_HUES8-embryonic-stemcell-differentiation_TF-Perturb-seq/fastq_files/IGVFFI3826ZRWU.fastq.gz,IGVFDS2940LYGK,2_22HC77LT3,scRNA
/cellar/users/aklie/data/datasets/tf_perturb_seq/datasets/Huangfu_HUES8-embryonic-stemcell-differentiation_TF-Perturb-seq/fastq_files/IGVFFI6729SXKN.fastq.gz,/cellar/users/aklie/data/datasets/tf_perturb_seq/datasets/Huangfu_HUES8-embryonic-stemcell-differentiation_TF-Perturb-seq/fastq_files/IGVFFI1798AYQR.fastq.gz,IGVFDS2940LYGK,3_222WL5LT4,scRNA
/cellar/users/aklie/data/datasets/tf_perturb_seq/datasets/Huangfu_HUES8-embryonic-stemcell-differentiation_TF-Perturb-seq/fastq_files/IGVFFI7971QLET.fastq.gz,/cellar/users/aklie/data/datasets/tf_perturb_seq/datasets/Huangfu_HUES8-embryonic-stemcell-differentiation_TF-Perturb-seq/fastq_files/IGVFFI3430VHCI.fastq.gz,IGVFDS2940LYGK,3_22CCCNLT3,scRNA
/cellar/users/aklie/data/datasets/tf_perturb_seq/datasets/Huangfu_HUES8-embryonic-stemcell-differentiation_TF-Perturb-seq/fastq_files/IGVFFI7908DWGF.fastq.gz,/cellar/users/aklie/data/datasets/tf_perturb_seq/datasets/Huangfu_HUES8-embryonic-stemcell-differentiation_TF-Perturb-seq/fastq_files/IGVFFI8999HELM.fastq.gz,IGVFDS2940LYGK,4_222VYVLT4,scRNA
/cellar/users/aklie/data/datasets/tf_perturb_seq/datasets/Huangfu_HUES8-embryonic-stemcell-differentiation_TF-Perturb-seq/fastq_files/IGVFFI4858IAUV.fastq.gz,/cellar/users/aklie/data/datasets/tf_perturb_seq/datasets/Huangfu_HUES8-embryonic-stemcell-differentiation_TF-Perturb-seq/fastq_files/IGVFFI7073LUHU.fastq.gz,IGVFDS2940LYGK,4_222WL5LT4,scRNA
/cellar/users/aklie/data/datasets/tf_perturb_seq/datasets/Huangfu_HUES8-embryonic-stemcell-differentiation_TF-Perturb-seq/fastq_files/IGVFFI2037BYFN.fastq.gz,/cellar/users/aklie/data/datasets/tf_perturb_seq/datasets/Huangfu_HUES8-embryonic-stemcell-differentiation_TF-Perturb-seq/fastq_files/IGVFFI6651FOLJ.fastq.gz,IGVFDS2940LYGK,4_22CCCNLT3,scRNA
/cellar/users/aklie/data/datasets/tf_perturb_seq/datasets/Huangfu_HUES8-embryonic-stemcell-differentiation_TF-Perturb-seq/fastq_files/IGVFFI6671MAWX.fastq.gz,/cellar/users/aklie/data/datasets/tf_perturb_seq/datasets/Huangfu_HUES8-embryonic-stemcell-differentiation_TF-Perturb-seq/fastq_files/IGVFFI3863KYAO.fastq.gz,IGVFDS2940LYGK,5_222VYVLT4,scRNA
/cellar/users/aklie/data/datasets/tf_perturb_seq/datasets/Huangfu_HUES8-embryonic-stemcell-differentiation_TF-Perturb-seq/fastq_files/IGVFFI9223SPRY.fastq.gz,/cellar/users/aklie/data/datasets/tf_perturb_seq/datasets/Huangfu_HUES8-embryonic-stemcell-differentiation_TF-Perturb-seq/fastq_files/IGVFFI0546ZPDJ.fastq.gz,IGVFDS2940LYGK,5_22CCCNLT3,scRNA
/cellar/users/aklie/data/datasets/tf_perturb_seq/datasets/Huangfu_HUES8-embryonic-stemcell-differentiation_TF-Perturb-seq/fastq_files/IGVFFI5603YLSI.fastq.gz,/cellar/users/aklie/data/datasets/tf_perturb_seq/datasets/Huangfu_HUES8-embryonic-stemcell-differentiation_TF-Perturb-seq/fastq_files/IGVFFI8799LYWI.fastq.gz,IGVFDS2940LYGK,6_222VYVLT4,scRNA
/cellar/users/aklie/data/datasets/tf_perturb_seq/datasets/Huangfu_HUES8-embryonic-stemcell-differentiation_TF-Perturb-seq/fastq_files/IGVFFI1245MNKS.fastq.gz,/cellar/users/aklie/data/datasets/tf_perturb_seq/datasets/Huangfu_HUES8-embryonic-stemcell-differentiation_TF-Perturb-seq/fastq_files/IGVFFI6008MJUF.fastq.gz,IGVFDS2940LYGK,6_22CCCNLT3,scRNA
/cellar/users/aklie/data/datasets/tf_perturb_seq/datasets/Huangfu_HUES8-embryonic-stemcell-differentiation_TF-Perturb-seq/fastq_files/IGVFFI3272XHCL.fastq.gz,/cellar/users/aklie/data/datasets/tf_perturb_seq/datasets/Huangfu_HUES8-embryonic-stemcell-differentiation_TF-Perturb-seq/fastq_files/IGVFFI1064HJMX.fastq.gz,IGVFDS2940LYGK,7_22CCCNLT3,scRNA
/cellar/users/aklie/data/datasets/tf_perturb_seq/datasets/Huangfu_HUES8-embryonic-stemcell-differentiation_TF-Perturb-seq/fastq_files/IGVFFI7543BAOL.fastq.gz,/cellar/users/aklie/data/datasets/tf_perturb_seq/datasets/Huangfu_HUES8-embryonic-stemcell-differentiation_TF-Perturb-seq/fastq_files/IGVFFI0989VTHK.fastq.gz,IGVFDS2940LYGK,8_22CCCNLT3,scRNA
/cellar/users/aklie/data/datasets/tf_perturb_seq/datasets/Huangfu_HUES8-embryonic-stemcell-differentiation_TF-Perturb-seq/fastq_files/IGVFFI9493PEKM.fastq.gz,/cellar/users/aklie/data/datasets/tf_perturb_seq/datasets/Huangfu_HUES8-embryonic-stemcell-differentiation_TF-Perturb-seq/fastq_files/IGVFFI4960JWUU.fastq.gz,IGVFDS3348KRMQ,1_22CCCNLT3,gRNA
/cellar/users/aklie/data/datasets/tf_perturb_seq/datasets/Huangfu_HUES8-embryonic-stemcell-differentiation_TF-Perturb-seq/fastq_files/IGVFFI9621SQEV.fastq.gz,/cellar/users/aklie/data/datasets/tf_perturb_seq/datasets/Huangfu_HUES8-embryonic-stemcell-differentiation_TF-Perturb-seq/fastq_files/IGVFFI0975HKFF.fastq.gz,IGVFDS3348KRMQ,2_22CCCNLT3,gRNA
/cellar/users/aklie/data/datasets/tf_perturb_seq/datasets/Huangfu_HUES8-embryonic-stemcell-differentiation_TF-Perturb-seq/fastq_files/IGVFFI2110WPCX.fastq.gz,/cellar/users/aklie/data/datasets/tf_perturb_seq/datasets/Huangfu_HUES8-embryonic-stemcell-differentiation_TF-Perturb-seq/fastq_files/IGVFFI6423TOLZ.fastq.gz,IGVFDS3348KRMQ,3_22CCCNLT3,gRNA
/cellar/users/aklie/data/datasets/tf_perturb_seq/datasets/Huangfu_HUES8-embryonic-stemcell-differentiation_TF-Perturb-seq/fastq_files/IGVFFI6876UVBE.fastq.gz,/cellar/users/aklie/data/datasets/tf_perturb_seq/datasets/Huangfu_HUES8-embryonic-stemcell-differentiation_TF-Perturb-seq/fastq_files/IGVFFI6902UNNY.fastq.gz,IGVFDS3348KRMQ,4_22CCCNLT3,gRNA
/cellar/users/aklie/data/datasets/tf_perturb_seq/datasets/Huangfu_HUES8-embryonic-stemcell-differentiation_TF-Perturb-seq/fastq_files/IGVFFI8396JNUE.fastq.gz,/cellar/users/aklie/data/datasets/tf_perturb_seq/datasets/Huangfu_HUES8-embryonic-stemcell-differentiation_TF-Perturb-seq/fastq_files/IGVFFI7962LVEB.fastq.gz,IGVFDS3348KRMQ,5_22CCCNLT3,gRNA
/cellar/users/aklie/data/datasets/tf_perturb_seq/datasets/Huangfu_HUES8-embryonic-stemcell-differentiation_TF-Perturb-seq/fastq_files/IGVFFI2357MIHI.fastq.gz,/cellar/users/aklie/data/datasets/tf_perturb_seq/datasets/Huangfu_HUES8-embryonic-stemcell-differentiation_TF-Perturb-seq/fastq_files/IGVFFI4390MKGJ.fastq.gz,IGVFDS3348KRMQ,6_22CCCNLT3,gRNA
/cellar/users/aklie/data/datasets/tf_perturb_seq/datasets/Huangfu_HUES8-embryonic-stemcell-differentiation_TF-Perturb-seq/fastq_files/IGVFFI1841WDML.fastq.gz,/cellar/users/aklie/data/datasets/tf_perturb_seq/datasets/Huangfu_HUES8-embryonic-stemcell-differentiation_TF-Perturb-seq/fastq_files/IGVFFI4499RHVH.fastq.gz,IGVFDS3348KRMQ,7_22CCCNLT3,gRNA
/cellar/users/aklie/data/datasets/tf_perturb_seq/datasets/Huangfu_HUES8-embryonic-stemcell-differentiation_TF-Perturb-seq/fastq_files/IGVFFI9756TOYF.fastq.gz,/cellar/users/aklie/data/datasets/tf_perturb_seq/datasets/Huangfu_HUES8-embryonic-stemcell-differentiation_TF-Perturb-seq/fastq_files/IGVFFI9990NRVK.fastq.gz,IGVFDS3348KRMQ,8_22CCCNLT3,gRNA
/cellar/users/aklie/data/datasets/tf_perturb_seq/datasets/Huangfu_HUES8-embryonic-stemcell-differentiation_TF-Perturb-seq/fastq_files/IGVFFI7207JXWB.fastq.gz,/cellar/users/aklie/data/datasets/tf_perturb_seq/datasets/Huangfu_HUES8-embryonic-stemcell-differentiation_TF-Perturb-seq/fastq_files/IGVFFI1723JXJY.fastq.gz,IGVFDS3348KRMQ,1_222WL5LT4,scRNA
/cellar/users/aklie/data/datasets/tf_perturb_seq/datasets/Huangfu_HUES8-embryonic-stemcell-differentiation_TF-Perturb-seq/fastq_files/IGVFFI7590FASW.fastq.gz,/cellar/users/aklie/data/datasets/tf_perturb_seq/datasets/Huangfu_HUES8-embryonic-stemcell-differentiation_TF-Perturb-seq/fastq_files/IGVFFI7140LORK.fastq.gz,IGVFDS3348KRMQ,1_22CCCNLT3,scRNA
/cellar/users/aklie/data/datasets/tf_perturb_seq/datasets/Huangfu_HUES8-embryonic-stemcell-differentiation_TF-Perturb-seq/fastq_files/IGVFFI7742FOFN.fastq.gz,/cellar/users/aklie/data/datasets/tf_perturb_seq/datasets/Huangfu_HUES8-embryonic-stemcell-differentiation_TF-Perturb-seq/fastq_files/IGVFFI1936ONAI.fastq.gz,IGVFDS3348KRMQ,1_22HC77LT3,scRNA
/cellar/users/aklie/data/datasets/tf_perturb_seq/datasets/Huangfu_HUES8-embryonic-stemcell-differentiation_TF-Perturb-seq/fastq_files/IGVFFI3803YUCU.fastq.gz,/cellar/users/aklie/data/datasets/tf_perturb_seq/datasets/Huangfu_HUES8-embryonic-stemcell-differentiation_TF-Perturb-seq/fastq_files/IGVFFI7770ZRVF.fastq.gz,IGVFDS3348KRMQ,2_222WL5LT4,scRNA
/cellar/users/aklie/data/datasets/tf_perturb_seq/datasets/Huangfu_HUES8-embryonic-stemcell-differentiation_TF-Perturb-seq/fastq_files/IGVFFI8098PUNM.fastq.gz,/cellar/users/aklie/data/datasets/tf_perturb_seq/datasets/Huangfu_HUES8-embryonic-stemcell-differentiation_TF-Perturb-seq/fastq_files/IGVFFI1873LBAB.fastq.gz,IGVFDS3348KRMQ,2_22CCCNLT3,scRNA
/cellar/users/aklie/data/datasets/tf_perturb_seq/datasets/Huangfu_HUES8-embryonic-stemcell-differentiation_TF-Perturb-seq/fastq_files/IGVFFI1412PROF.fastq.gz,/cellar/users/aklie/data/datasets/tf_perturb_seq/datasets/Huangfu_HUES8-embryonic-stemcell-differentiation_TF-Perturb-seq/fastq_files/IGVFFI6537TRLQ.fastq.gz,IGVFDS3348KRMQ,2_22HC77LT3,scRNA
/cellar/users/aklie/data/datasets/tf_perturb_seq/datasets/Huangfu_HUES8-embryonic-stemcell-differentiation_TF-Perturb-seq/fastq_files/IGVFFI8468PRNS.fastq.gz,/cellar/users/aklie/data/datasets/tf_perturb_seq/datasets/Huangfu_HUES8-embryonic-stemcell-differentiation_TF-Perturb-seq/fastq_files/IGVFFI1062KCOW.fastq.gz,IGVFDS3348KRMQ,3_222WL5LT4,scRNA
/cellar/users/aklie/data/datasets/tf_perturb_seq/datasets/Huangfu_HUES8-embryonic-stemcell-differentiation_TF-Perturb-seq/fastq_files/IGVFFI1848IANF.fastq.gz,/cellar/users/aklie/data/datasets/tf_perturb_seq/datasets/Huangfu_HUES8-embryonic-stemcell-differentiation_TF-Perturb-seq/fastq_files/IGVFFI3367OQMT.fastq.gz,IGVFDS3348KRMQ,3_22CCCNLT3,scRNA
/cellar/users/aklie/data/datasets/tf_perturb_seq/datasets/Huangfu_HUES8-embryonic-stemcell-differentiation_TF-Perturb-seq/fastq_files/IGVFFI4870WBWB.fastq.gz,/cellar/users/aklie/data/datasets/tf_perturb_seq/datasets/Huangfu_HUES8-embryonic-stemcell-differentiation_TF-Perturb-seq/fastq_files/IGVFFI7064QZHP.fastq.gz,IGVFDS3348KRMQ,4_222VYVLT4,scRNA
/cellar/users/aklie/data/datasets/tf_perturb_seq/datasets/Huangfu_HUES8-embryonic-stemcell-differentiation_TF-Perturb-seq/fastq_files/IGVFFI1228VERD.fastq.gz,/cellar/users/aklie/data/datasets/tf_perturb_seq/datasets/Huangfu_HUES8-embryonic-stemcell-differentiation_TF-Perturb-seq/fastq_files/IGVFFI1453SWCA.fastq.gz,IGVFDS3348KRMQ,4_222WL5LT4,scRNA
/cellar/users/aklie/data/datasets/tf_perturb_seq/datasets/Huangfu_HUES8-embryonic-stemcell-differentiation_TF-Perturb-seq/fastq_files/IGVFFI3290ZUKD.fastq.gz,/cellar/users/aklie/data/datasets/tf_perturb_seq/datasets/Huangfu_HUES8-embryonic-stemcell-differentiation_TF-Perturb-seq/fastq_files/IGVFFI5373JJJI.fastq.gz,IGVFDS3348KRMQ,4_22CCCNLT3,scRNA
/cellar/users/aklie/data/datasets/tf_perturb_seq/datasets/Huangfu_HUES8-embryonic-stemcell-differentiation_TF-Perturb-seq/fastq_files/IGVFFI0863MRKY.fastq.gz,/cellar/users/aklie/data/datasets/tf_perturb_seq/datasets/Huangfu_HUES8-embryonic-stemcell-differentiation_TF-Perturb-seq/fastq_files/IGVFFI2702UCSJ.fastq.gz,IGVFDS3348KRMQ,5_222VYVLT4,scRNA
/cellar/users/aklie/data/datasets/tf_perturb_seq/datasets/Huangfu_HUES8-embryonic-stemcell-differentiation_TF-Perturb-seq/fastq_files/IGVFFI2749EYCC.fastq.gz,/cellar/users/aklie/data/datasets/tf_perturb_seq/datasets/Huangfu_HUES8-embryonic-stemcell-differentiation_TF-Perturb-seq/fastq_files/IGVFFI6575YAKH.fastq.gz,IGVFDS3348KRMQ,5_22CCCNLT3,scRNA
/cellar/users/aklie/data/datasets/tf_perturb_seq/datasets/Huangfu_HUES8-embryonic-stemcell-differentiation_TF-Perturb-seq/fastq_files/IGVFFI4114BFXA.fastq.gz,/cellar/users/aklie/data/datasets/tf_perturb_seq/datasets/Huangfu_HUES8-embryonic-stemcell-differentiation_TF-Perturb-seq/fastq_files/IGVFFI7818AWLZ.fastq.gz,IGVFDS3348KRMQ,6_222VYVLT4,scRNA
/cellar/users/aklie/data/datasets/tf_perturb_seq/datasets/Huangfu_HUES8-embryonic-stemcell-differentiation_TF-Perturb-seq/fastq_files/IGVFFI5986KPWK.fastq.gz,/cellar/users/aklie/data/datasets/tf_perturb_seq/datasets/Huangfu_HUES8-embryonic-stemcell-differentiation_TF-Perturb-seq/fastq_files/IGVFFI7258TOAG.fastq.gz,IGVFDS3348KRMQ,6_22CCCNLT3,scRNA
/cellar/users/aklie/data/datasets/tf_perturb_seq/datasets/Huangfu_HUES8-embryonic-stemcell-differentiation_TF-Perturb-seq/fastq_files/IGVFFI3643SXEJ.fastq.gz,/cellar/users/aklie/data/datasets/tf_perturb_seq/datasets/Huangfu_HUES8-embryonic-stemcell-differentiation_TF-Perturb-seq/fastq_files/IGVFFI3828TNMC.fastq.gz,IGVFDS3348KRMQ,7_22CCCNLT3,scRNA
/cellar/users/aklie/data/datasets/tf_perturb_seq/datasets/Huangfu_HUES8-embryonic-stemcell-differentiation_TF-Perturb-seq/fastq_files/IGVFFI1779QKBP.fastq.gz,/cellar/users/aklie/data/datasets/tf_perturb_seq/datasets/Huangfu_HUES8-embryonic-stemcell-differentiation_TF-Perturb-seq/fastq_files/IGVFFI3859IACF.fastq.gz,IGVFDS3348KRMQ,8_22CCCNLT3,scRNA
/cellar/users/aklie/data/datasets/tf_perturb_seq/datasets/Huangfu_HUES8-embryonic-stemcell-differentiation_TF-Perturb-seq/fastq_files/IGVFFI6100STTI.fastq.gz,/cellar/users/aklie/data/datasets/tf_perturb_seq/datasets/Huangfu_HUES8-embryonic-stemcell-differentiation_TF-Perturb-seq/fastq_files/IGVFFI4304LAYC.fastq.gz,IGVFDS5934EZKT,1_22CCCNLT3,gRNA
/cellar/users/aklie/data/datasets/tf_perturb_seq/datasets/Huangfu_HUES8-embryonic-stemcell-differentiation_TF-Perturb-seq/fastq_files/IGVFFI3960PUSV.fastq.gz,/cellar/users/aklie/data/datasets/tf_perturb_seq/datasets/Huangfu_HUES8-embryonic-stemcell-differentiation_TF-Perturb-seq/fastq_files/IGVFFI9928KRQR.fastq.gz,IGVFDS5934EZKT,2_22CCCNLT3,gRNA
/cellar/users/aklie/data/datasets/tf_perturb_seq/datasets/Huangfu_HUES8-embryonic-stemcell-differentiation_TF-Perturb-seq/fastq_files/IGVFFI8524NJKV.fastq.gz,/cellar/users/aklie/data/datasets/tf_perturb_seq/datasets/Huangfu_HUES8-embryonic-stemcell-differentiation_TF-Perturb-seq/fastq_files/IGVFFI6076RYUA.fastq.gz,IGVFDS5934EZKT,3_22CCCNLT3,gRNA
/cellar/users/aklie/data/datasets/tf_perturb_seq/datasets/Huangfu_HUES8-embryonic-stemcell-differentiation_TF-Perturb-seq/fastq_files/IGVFFI9479CSZN.fastq.gz,/cellar/users/aklie/data/datasets/tf_perturb_seq/datasets/Huangfu_HUES8-embryonic-stemcell-differentiation_TF-Perturb-seq/fastq_files/IGVFFI3527QWMU.fastq.gz,IGVFDS5934EZKT,4_22CCCNLT3,gRNA
/cellar/users/aklie/data/datasets/tf_perturb_seq/datasets/Huangfu_HUES8-embryonic-stemcell-differentiation_TF-Perturb-seq/fastq_files/IGVFFI6299VEAN.fastq.gz,/cellar/users/aklie/data/datasets/tf_perturb_seq/datasets/Huangfu_HUES8-embryonic-stemcell-differentiation_TF-Perturb-seq/fastq_files/IGVFFI4768RGXK.fastq.gz,IGVFDS5934EZKT,5_22CCCNLT3,gRNA
/cellar/users/aklie/data/datasets/tf_perturb_seq/datasets/Huangfu_HUES8-embryonic-stemcell-differentiation_TF-Perturb-seq/fastq_files/IGVFFI5367DJXE.fastq.gz,/cellar/users/aklie/data/datasets/tf_perturb_seq/datasets/Huangfu_HUES8-embryonic-stemcell-differentiation_TF-Perturb-seq/fastq_files/IGVFFI7183QXMV.fastq.gz,IGVFDS5934EZKT,6_22CCCNLT3,gRNA
/cellar/users/aklie/data/datasets/tf_perturb_seq/datasets/Huangfu_HUES8-embryonic-stemcell-differentiation_TF-Perturb-seq/fastq_files/IGVFFI9599DKHY.fastq.gz,/cellar/users/aklie/data/datasets/tf_perturb_seq/datasets/Huangfu_HUES8-embryonic-stemcell-differentiation_TF-Perturb-seq/fastq_files/IGVFFI8205GXVI.fastq.gz,IGVFDS5934EZKT,7_22CCCNLT3,gRNA
/cellar/users/aklie/data/datasets/tf_perturb_seq/datasets/Huangfu_HUES8-embryonic-stemcell-differentiation_TF-Perturb-seq/fastq_files/IGVFFI3572SOIL.fastq.gz,/cellar/users/aklie/data/datasets/tf_perturb_seq/datasets/Huangfu_HUES8-embryonic-stemcell-differentiation_TF-Perturb-seq/fastq_files/IGVFFI0102ZNIW.fastq.gz,IGVFDS5934EZKT,8_22CCCNLT3,gRNA
/cellar/users/aklie/data/datasets/tf_perturb_seq/datasets/Huangfu_HUES8-embryonic-stemcell-differentiation_TF-Perturb-seq/fastq_files/IGVFFI9245UVSC.fastq.gz,/cellar/users/aklie/data/datasets/tf_perturb_seq/datasets/Huangfu_HUES8-embryonic-stemcell-differentiation_TF-Perturb-seq/fastq_files/IGVFFI5051JZOT.fastq.gz,IGVFDS5934EZKT,1_222VYVLT4,scRNA
/cellar/users/aklie/data/datasets/tf_perturb_seq/datasets/Huangfu_HUES8-embryonic-stemcell-differentiation_TF-Perturb-seq/fastq_files/IGVFFI8428HHXG.fastq.gz,/cellar/users/aklie/data/datasets/tf_perturb_seq/datasets/Huangfu_HUES8-embryonic-stemcell-differentiation_TF-Perturb-seq/fastq_files/IGVFFI7966LXRY.fastq.gz,IGVFDS5934EZKT,1_222WL5LT4,scRNA
/cellar/users/aklie/data/datasets/tf_perturb_seq/datasets/Huangfu_HUES8-embryonic-stemcell-differentiation_TF-Perturb-seq/fastq_files/IGVFFI0555BWJE.fastq.gz,/cellar/users/aklie/data/datasets/tf_perturb_seq/datasets/Huangfu_HUES8-embryonic-stemcell-differentiation_TF-Perturb-seq/fastq_files/IGVFFI8675CIIX.fastq.gz,IGVFDS5934EZKT,1_22CCCNLT3,scRNA
/cellar/users/aklie/data/datasets/tf_perturb_seq/datasets/Huangfu_HUES8-embryonic-stemcell-differentiation_TF-Perturb-seq/fastq_files/IGVFFI0511QPBC.fastq.gz,/cellar/users/aklie/data/datasets/tf_perturb_seq/datasets/Huangfu_HUES8-embryonic-stemcell-differentiation_TF-Perturb-seq/fastq_files/IGVFFI4278WBLB.fastq.gz,IGVFDS5934EZKT,1_22HC77LT3,scRNA
/cellar/users/aklie/data/datasets/tf_perturb_seq/datasets/Huangfu_HUES8-embryonic-stemcell-differentiation_TF-Perturb-seq/fastq_files/IGVFFI8332ZGRI.fastq.gz,/cellar/users/aklie/data/datasets/tf_perturb_seq/datasets/Huangfu_HUES8-embryonic-stemcell-differentiation_TF-Perturb-seq/fastq_files/IGVFFI9597JFMA.fastq.gz,IGVFDS5934EZKT,2_222VYVLT4,scRNA
/cellar/users/aklie/data/datasets/tf_perturb_seq/datasets/Huangfu_HUES8-embryonic-stemcell-differentiation_TF-Perturb-seq/fastq_files/IGVFFI2991SRVH.fastq.gz,/cellar/users/aklie/data/datasets/tf_perturb_seq/datasets/Huangfu_HUES8-embryonic-stemcell-differentiation_TF-Perturb-seq/fastq_files/IGVFFI6448RAXT.fastq.gz,IGVFDS5934EZKT,2_222WL5LT4,scRNA
/cellar/users/aklie/data/datasets/tf_perturb_seq/datasets/Huangfu_HUES8-embryonic-stemcell-differentiation_TF-Perturb-seq/fastq_files/IGVFFI1654ISRL.fastq.gz,/cellar/users/aklie/data/datasets/tf_perturb_seq/datasets/Huangfu_HUES8-embryonic-stemcell-differentiation_TF-Perturb-seq/fastq_files/IGVFFI5129UJXT.fastq.gz,IGVFDS5934EZKT,2_22CCCNLT3,scRNA
/cellar/users/aklie/data/datasets/tf_perturb_seq/datasets/Huangfu_HUES8-embryonic-stemcell-differentiation_TF-Perturb-seq/fastq_files/IGVFFI8760OPMD.fastq.gz,/cellar/users/aklie/data/datasets/tf_perturb_seq/datasets/Huangfu_HUES8-embryonic-stemcell-differentiation_TF-Perturb-seq/fastq_files/IGVFFI3383BXRQ.fastq.gz,IGVFDS5934EZKT,2_22HC77LT3,scRNA
/cellar/users/aklie/data/datasets/tf_perturb_seq/datasets/Huangfu_HUES8-embryonic-stemcell-differentiation_TF-Perturb-seq/fastq_files/IGVFFI4406QINX.fastq.gz,/cellar/users/aklie/data/datasets/tf_perturb_seq/datasets/Huangfu_HUES8-embryonic-stemcell-differentiation_TF-Perturb-seq/fastq_files/IGVFFI5270VDGP.fastq.gz,IGVFDS5934EZKT,3_222VYVLT4,scRNA
/cellar/users/aklie/data/datasets/tf_perturb_seq/datasets/Huangfu_HUES8-embryonic-stemcell-differentiation_TF-Perturb-seq/fastq_files/IGVFFI6410IEZW.fastq.gz,/cellar/users/aklie/data/datasets/tf_perturb_seq/datasets/Huangfu_HUES8-embryonic-stemcell-differentiation_TF-Perturb-seq/fastq_files/IGVFFI3422WPDB.fastq.gz,IGVFDS5934EZKT,3_222WL5LT4,scRNA
/cellar/users/aklie/data/datasets/tf_perturb_seq/datasets/Huangfu_HUES8-embryonic-stemcell-differentiation_TF-Perturb-seq/fastq_files/IGVFFI0506BJOA.fastq.gz,/cellar/users/aklie/data/datasets/tf_perturb_seq/datasets/Huangfu_HUES8-embryonic-stemcell-differentiation_TF-Perturb-seq/fastq_files/IGVFFI9487XKZK.fastq.gz,IGVFDS5934EZKT,3_22CCCNLT3,scRNA
/cellar/users/aklie/data/datasets/tf_perturb_seq/datasets/Huangfu_HUES8-embryonic-stemcell-differentiation_TF-Perturb-seq/fastq_files/IGVFFI9430WZPF.fastq.gz,/cellar/users/aklie/data/datasets/tf_perturb_seq/datasets/Huangfu_HUES8-embryonic-stemcell-differentiation_TF-Perturb-seq/fastq_files/IGVFFI2724LHJR.fastq.gz,IGVFDS5934EZKT,4_222WL5LT4,scRNA
/cellar/users/aklie/data/datasets/tf_perturb_seq/datasets/Huangfu_HUES8-embryonic-stemcell-differentiation_TF-Perturb-seq/fastq_files/IGVFFI8361YARY.fastq.gz,/cellar/users/aklie/data/datasets/tf_perturb_seq/datasets/Huangfu_HUES8-embryonic-stemcell-differentiation_TF-Perturb-seq/fastq_files/IGVFFI6647SIBL.fastq.gz,IGVFDS5934EZKT,4_22CCCNLT3,scRNA
/cellar/users/aklie/data/datasets/tf_perturb_seq/datasets/Huangfu_HUES8-embryonic-stemcell-differentiation_TF-Perturb-seq/fastq_files/IGVFFI4192FYWL.fastq.gz,/cellar/users/aklie/data/datasets/tf_perturb_seq/datasets/Huangfu_HUES8-embryonic-stemcell-differentiation_TF-Perturb-seq/fastq_files/IGVFFI4840QCZA.fastq.gz,IGVFDS5934EZKT,5_22CCCNLT3,scRNA
/cellar/users/aklie/data/datasets/tf_perturb_seq/datasets/Huangfu_HUES8-embryonic-stemcell-differentiation_TF-Perturb-seq/fastq_files/IGVFFI8948RFJE.fastq.gz,/cellar/users/aklie/data/datasets/tf_perturb_seq/datasets/Huangfu_HUES8-embryonic-stemcell-differentiation_TF-Perturb-seq/fastq_files/IGVFFI0290JGYH.fastq.gz,IGVFDS5934EZKT,6_22CCCNLT3,scRNA
/cellar/users/aklie/data/datasets/tf_perturb_seq/datasets/Huangfu_HUES8-embryonic-stemcell-differentiation_TF-Perturb-seq/fastq_files/IGVFFI0325HFCE.fastq.gz,/cellar/users/aklie/data/datasets/tf_perturb_seq/datasets/Huangfu_HUES8-embryonic-stemcell-differentiation_TF-Perturb-seq/fastq_files/IGVFFI1675DFCX.fastq.gz,IGVFDS5934EZKT,7_22CCCNLT3,scRNA
/cellar/users/aklie/data/datasets/tf_perturb_seq/datasets/Huangfu_HUES8-embryonic-stemcell-differentiation_TF-Perturb-seq/fastq_files/IGVFFI3275VLUX.fastq.gz,/cellar/users/aklie/data/datasets/tf_perturb_seq/datasets/Huangfu_HUES8-embryonic-stemcell-differentiation_TF-Perturb-seq/fastq_files/IGVFFI4739HBNI.fastq.gz,IGVFDS5934EZKT,8_22CCCNLT3,scRNA
/cellar/users/aklie/data/datasets/tf_perturb_seq/datasets/Huangfu_HUES8-embryonic-stemcell-differentiation_TF-Perturb-seq/fastq_files/IGVFFI0251VEKC.fastq.gz,/cellar/users/aklie/data/datasets/tf_perturb_seq/datasets/Huangfu_HUES8-embryonic-stemcell-differentiation_TF-Perturb-seq/fastq_files/IGVFFI3651SQYB.fastq.gz,IGVFDS6247FKDR,1_22CCCNLT3,gRNA
/cellar/users/aklie/data/datasets/tf_perturb_seq/datasets/Huangfu_HUES8-embryonic-stemcell-differentiation_TF-Perturb-seq/fastq_files/IGVFFI2785YZTE.fastq.gz,/cellar/users/aklie/data/datasets/tf_perturb_seq/datasets/Huangfu_HUES8-embryonic-stemcell-differentiation_TF-Perturb-seq/fastq_files/IGVFFI7440BCID.fastq.gz,IGVFDS6247FKDR,2_22CCCNLT3,gRNA
/cellar/users/aklie/data/datasets/tf_perturb_seq/datasets/Huangfu_HUES8-embryonic-stemcell-differentiation_TF-Perturb-seq/fastq_files/IGVFFI1727PTBQ.fastq.gz,/cellar/users/aklie/data/datasets/tf_perturb_seq/datasets/Huangfu_HUES8-embryonic-stemcell-differentiation_TF-Perturb-seq/fastq_files/IGVFFI1790OXWV.fastq.gz,IGVFDS6247FKDR,3_22CCCNLT3,gRNA
/cellar/users/aklie/data/datasets/tf_perturb_seq/datasets/Huangfu_HUES8-embryonic-stemcell-differentiation_TF-Perturb-seq/fastq_files/IGVFFI5301ZRAD.fastq.gz,/cellar/users/aklie/data/datasets/tf_perturb_seq/datasets/Huangfu_HUES8-embryonic-stemcell-differentiation_TF-Perturb-seq/fastq_files/IGVFFI6806AIKF.fastq.gz,IGVFDS6247FKDR,4_22CCCNLT3,gRNA
/cellar/users/aklie/data/datasets/tf_perturb_seq/datasets/Huangfu_HUES8-embryonic-stemcell-differentiation_TF-Perturb-seq/fastq_files/IGVFFI0115EKIR.fastq.gz,/cellar/users/aklie/data/datasets/tf_perturb_seq/datasets/Huangfu_HUES8-embryonic-stemcell-differentiation_TF-Perturb-seq/fastq_files/IGVFFI5539WPGA.fastq.gz,IGVFDS6247FKDR,5_22CCCNLT3,gRNA
/cellar/users/aklie/data/datasets/tf_perturb_seq/datasets/Huangfu_HUES8-embryonic-stemcell-differentiation_TF-Perturb-seq/fastq_files/IGVFFI1034RWMR.fastq.gz,/cellar/users/aklie/data/datasets/tf_perturb_seq/datasets/Huangfu_HUES8-embryonic-stemcell-differentiation_TF-Perturb-seq/fastq_files/IGVFFI4789SLYJ.fastq.gz,IGVFDS6247FKDR,6_22CCCNLT3,gRNA
/cellar/users/aklie/data/datasets/tf_perturb_seq/datasets/Huangfu_HUES8-embryonic-stemcell-differentiation_TF-Perturb-seq/fastq_files/IGVFFI1924PNKJ.fastq.gz,/cellar/users/aklie/data/datasets/tf_perturb_seq/datasets/Huangfu_HUES8-embryonic-stemcell-differentiation_TF-Perturb-seq/fastq_files/IGVFFI4159DGVT.fastq.gz,IGVFDS6247FKDR,7_22CCCNLT3,gRNA
/cellar/users/aklie/data/datasets/tf_perturb_seq/datasets/Huangfu_HUES8-embryonic-stemcell-differentiation_TF-Perturb-seq/fastq_files/IGVFFI1031AYVX.fastq.gz,/cellar/users/aklie/data/datasets/tf_perturb_seq/datasets/Huangfu_HUES8-embryonic-stemcell-differentiation_TF-Perturb-seq/fastq_files/IGVFFI8818TPYN.fastq.gz,IGVFDS6247FKDR,8_22CCCNLT3,gRNA
/cellar/users/aklie/data/datasets/tf_perturb_seq/datasets/Huangfu_HUES8-embryonic-stemcell-differentiation_TF-Perturb-seq/fastq_files/IGVFFI0242SFSO.fastq.gz,/cellar/users/aklie/data/datasets/tf_perturb_seq/datasets/Huangfu_HUES8-embryonic-stemcell-differentiation_TF-Perturb-seq/fastq_files/IGVFFI3553RZSW.fastq.gz,IGVFDS6247FKDR,1_222WL5LT4,scRNA
/cellar/users/aklie/data/datasets/tf_perturb_seq/datasets/Huangfu_HUES8-embryonic-stemcell-differentiation_TF-Perturb-seq/fastq_files/IGVFFI9223XLQX.fastq.gz,/cellar/users/aklie/data/datasets/tf_perturb_seq/datasets/Huangfu_HUES8-embryonic-stemcell-differentiation_TF-Perturb-seq/fastq_files/IGVFFI4551NYTC.fastq.gz,IGVFDS6247FKDR,1_22CCCNLT3,scRNA
/cellar/users/aklie/data/datasets/tf_perturb_seq/datasets/Huangfu_HUES8-embryonic-stemcell-differentiation_TF-Perturb-seq/fastq_files/IGVFFI2585TPJI.fastq.gz,/cellar/users/aklie/data/datasets/tf_perturb_seq/datasets/Huangfu_HUES8-embryonic-stemcell-differentiation_TF-Perturb-seq/fastq_files/IGVFFI7409VEAT.fastq.gz,IGVFDS6247FKDR,1_22HC77LT3,scRNA
/cellar/users/aklie/data/datasets/tf_perturb_seq/datasets/Huangfu_HUES8-embryonic-stemcell-differentiation_TF-Perturb-seq/fastq_files/IGVFFI7075GOTU.fastq.gz,/cellar/users/aklie/data/datasets/tf_perturb_seq/datasets/Huangfu_HUES8-embryonic-stemcell-differentiation_TF-Perturb-seq/fastq_files/IGVFFI9155BZXS.fastq.gz,IGVFDS6247FKDR,2_222WL5LT4,scRNA
/cellar/users/aklie/data/datasets/tf_perturb_seq/datasets/Huangfu_HUES8-embryonic-stemcell-differentiation_TF-Perturb-seq/fastq_files/IGVFFI9183UKIR.fastq.gz,/cellar/users/aklie/data/datasets/tf_perturb_seq/datasets/Huangfu_HUES8-embryonic-stemcell-differentiation_TF-Perturb-seq/fastq_files/IGVFFI8874TRUV.fastq.gz,IGVFDS6247FKDR,2_22CCCNLT3,scRNA
/cellar/users/aklie/data/datasets/tf_perturb_seq/datasets/Huangfu_HUES8-embryonic-stemcell-differentiation_TF-Perturb-seq/fastq_files/IGVFFI7346PGDU.fastq.gz,/cellar/users/aklie/data/datasets/tf_perturb_seq/datasets/Huangfu_HUES8-embryonic-stemcell-differentiation_TF-Perturb-seq/fastq_files/IGVFFI3081GETL.fastq.gz,IGVFDS6247FKDR,2_22HC77LT3,scRNA
/cellar/users/aklie/data/datasets/tf_perturb_seq/datasets/Huangfu_HUES8-embryonic-stemcell-differentiation_TF-Perturb-seq/fastq_files/IGVFFI9964ZRDS.fastq.gz,/cellar/users/aklie/data/datasets/tf_perturb_seq/datasets/Huangfu_HUES8-embryonic-stemcell-differentiation_TF-Perturb-seq/fastq_files/IGVFFI9449BQPA.fastq.gz,IGVFDS6247FKDR,3_222WL5LT4,scRNA
/cellar/users/aklie/data/datasets/tf_perturb_seq/datasets/Huangfu_HUES8-embryonic-stemcell-differentiation_TF-Perturb-seq/fastq_files/IGVFFI4139JJQZ.fastq.gz,/cellar/users/aklie/data/datasets/tf_perturb_seq/datasets/Huangfu_HUES8-embryonic-stemcell-differentiation_TF-Perturb-seq/fastq_files/IGVFFI2115SXJH.fastq.gz,IGVFDS6247FKDR,3_22CCCNLT3,scRNA
/cellar/users/aklie/data/datasets/tf_perturb_seq/datasets/Huangfu_HUES8-embryonic-stemcell-differentiation_TF-Perturb-seq/fastq_files/IGVFFI8746FPPK.fastq.gz,/cellar/users/aklie/data/datasets/tf_perturb_seq/datasets/Huangfu_HUES8-embryonic-stemcell-differentiation_TF-Perturb-seq/fastq_files/IGVFFI4331LUIM.fastq.gz,IGVFDS6247FKDR,4_222VYVLT4,scRNA
/cellar/users/aklie/data/datasets/tf_perturb_seq/datasets/Huangfu_HUES8-embryonic-stemcell-differentiation_TF-Perturb-seq/fastq_files/IGVFFI0437PWIP.fastq.gz,/cellar/users/aklie/data/datasets/tf_perturb_seq/datasets/Huangfu_HUES8-embryonic-stemcell-differentiation_TF-Perturb-seq/fastq_files/IGVFFI6280BGCT.fastq.gz,IGVFDS6247FKDR,4_222WL5LT4,scRNA
/cellar/users/aklie/data/datasets/tf_perturb_seq/datasets/Huangfu_HUES8-embryonic-stemcell-differentiation_TF-Perturb-seq/fastq_files/IGVFFI3194ZXUG.fastq.gz,/cellar/users/aklie/data/datasets/tf_perturb_seq/datasets/Huangfu_HUES8-embryonic-stemcell-differentiation_TF-Perturb-seq/fastq_files/IGVFFI2145IOMX.fastq.gz,IGVFDS6247FKDR,4_22CCCNLT3,scRNA
/cellar/users/aklie/data/datasets/tf_perturb_seq/datasets/Huangfu_HUES8-embryonic-stemcell-differentiation_TF-Perturb-seq/fastq_files/IGVFFI0248WWVY.fastq.gz,/cellar/users/aklie/data/datasets/tf_perturb_seq/datasets/Huangfu_HUES8-embryonic-stemcell-differentiation_TF-Perturb-seq/fastq_files/IGVFFI7744HONO.fastq.gz,IGVFDS6247FKDR,5_222VYVLT4,scRNA
/cellar/users/aklie/data/datasets/tf_perturb_seq/datasets/Huangfu_HUES8-embryonic-stemcell-differentiation_TF-Perturb-seq/fastq_files/IGVFFI3891UAQY.fastq.gz,/cellar/users/aklie/data/datasets/tf_perturb_seq/datasets/Huangfu_HUES8-embryonic-stemcell-differentiation_TF-Perturb-seq/fastq_files/IGVFFI6990HKRP.fastq.gz,IGVFDS6247FKDR,5_22CCCNLT3,scRNA
/cellar/users/aklie/data/datasets/tf_perturb_seq/datasets/Huangfu_HUES8-embryonic-stemcell-differentiation_TF-Perturb-seq/fastq_files/IGVFFI5709RPTY.fastq.gz,/cellar/users/aklie/data/datasets/tf_perturb_seq/datasets/Huangfu_HUES8-embryonic-stemcell-differentiation_TF-Perturb-seq/fastq_files/IGVFFI8902GOGG.fastq.gz,IGVFDS6247FKDR,6_222VYVLT4,scRNA
/cellar/users/aklie/data/datasets/tf_perturb_seq/datasets/Huangfu_HUES8-embryonic-stemcell-differentiation_TF-Perturb-seq/fastq_files/IGVFFI6903IZVY.fastq.gz,/cellar/users/aklie/data/datasets/tf_perturb_seq/datasets/Huangfu_HUES8-embryonic-stemcell-differentiation_TF-Perturb-seq/fastq_files/IGVFFI9096TNMU.fastq.gz,IGVFDS6247FKDR,6_22CCCNLT3,scRNA
/cellar/users/aklie/data/datasets/tf_perturb_seq/datasets/Huangfu_HUES8-embryonic-stemcell-differentiation_TF-Perturb-seq/fastq_files/IGVFFI0901LJVM.fastq.gz,/cellar/users/aklie/data/datasets/tf_perturb_seq/datasets/Huangfu_HUES8-embryonic-stemcell-differentiation_TF-Perturb-seq/fastq_files/IGVFFI9187ZDEK.fastq.gz,IGVFDS6247FKDR,7_22CCCNLT3,scRNA
/cellar/users/aklie/data/datasets/tf_perturb_seq/datasets/Huangfu_HUES8-embryonic-stemcell-differentiation_TF-Perturb-seq/fastq_files/IGVFFI2350DLGB.fastq.gz,/cellar/users/aklie/data/datasets/tf_perturb_seq/datasets/Huangfu_HUES8-embryonic-stemcell-differentiation_TF-Perturb-seq/fastq_files/IGVFFI6678RAFM.fastq.gz,IGVFDS6247FKDR,8_22CCCNLT3,scRNA
/cellar/users/aklie/data/datasets/tf_perturb_seq/datasets/Huangfu_HUES8-embryonic-stemcell-differentiation_TF-Perturb-seq/fastq_files/IGVFFI6766OWYN.fastq.gz,/cellar/users/aklie/data/datasets/tf_perturb_seq/datasets/Huangfu_HUES8-embryonic-stemcell-differentiation_TF-Perturb-seq/fastq_files/IGVFFI2745DTPM.fastq.gz,IGVFDS8623ONYE,1_22CCCNLT3,gRNA
/cellar/users/aklie/data/datasets/tf_perturb_seq/datasets/Huangfu_HUES8-embryonic-stemcell-differentiation_TF-Perturb-seq/fastq_files/IGVFFI6797QULX.fastq.gz,/cellar/users/aklie/data/datasets/tf_perturb_seq/datasets/Huangfu_HUES8-embryonic-stemcell-differentiation_TF-Perturb-seq/fastq_files/IGVFFI9790UPBL.fastq.gz,IGVFDS8623ONYE,2_22CCCNLT3,gRNA
/cellar/users/aklie/data/datasets/tf_perturb_seq/datasets/Huangfu_HUES8-embryonic-stemcell-differentiation_TF-Perturb-seq/fastq_files/IGVFFI7532PLLA.fastq.gz,/cellar/users/aklie/data/datasets/tf_perturb_seq/datasets/Huangfu_HUES8-embryonic-stemcell-differentiation_TF-Perturb-seq/fastq_files/IGVFFI2143JBTH.fastq.gz,IGVFDS8623ONYE,3_22CCCNLT3,gRNA
/cellar/users/aklie/data/datasets/tf_perturb_seq/datasets/Huangfu_HUES8-embryonic-stemcell-differentiation_TF-Perturb-seq/fastq_files/IGVFFI1531ROGS.fastq.gz,/cellar/users/aklie/data/datasets/tf_perturb_seq/datasets/Huangfu_HUES8-embryonic-stemcell-differentiation_TF-Perturb-seq/fastq_files/IGVFFI9990TFLZ.fastq.gz,IGVFDS8623ONYE,4_22CCCNLT3,gRNA
/cellar/users/aklie/data/datasets/tf_perturb_seq/datasets/Huangfu_HUES8-embryonic-stemcell-differentiation_TF-Perturb-seq/fastq_files/IGVFFI5161GPKT.fastq.gz,/cellar/users/aklie/data/datasets/tf_perturb_seq/datasets/Huangfu_HUES8-embryonic-stemcell-differentiation_TF-Perturb-seq/fastq_files/IGVFFI3470RNWI.fastq.gz,IGVFDS8623ONYE,5_22CCCNLT3,gRNA
/cellar/users/aklie/data/datasets/tf_perturb_seq/datasets/Huangfu_HUES8-embryonic-stemcell-differentiation_TF-Perturb-seq/fastq_files/IGVFFI2697DPGS.fastq.gz,/cellar/users/aklie/data/datasets/tf_perturb_seq/datasets/Huangfu_HUES8-embryonic-stemcell-differentiation_TF-Perturb-seq/fastq_files/IGVFFI9072NUIX.fastq.gz,IGVFDS8623ONYE,6_22CCCNLT3,gRNA
/cellar/users/aklie/data/datasets/tf_perturb_seq/datasets/Huangfu_HUES8-embryonic-stemcell-differentiation_TF-Perturb-seq/fastq_files/IGVFFI9338LMVI.fastq.gz,/cellar/users/aklie/data/datasets/tf_perturb_seq/datasets/Huangfu_HUES8-embryonic-stemcell-differentiation_TF-Perturb-seq/fastq_files/IGVFFI7608MRYF.fastq.gz,IGVFDS8623ONYE,7_22CCCNLT3,gRNA
/cellar/users/aklie/data/datasets/tf_perturb_seq/datasets/Huangfu_HUES8-embryonic-stemcell-differentiation_TF-Perturb-seq/fastq_files/IGVFFI6827PBXX.fastq.gz,/cellar/users/aklie/data/datasets/tf_perturb_seq/datasets/Huangfu_HUES8-embryonic-stemcell-differentiation_TF-Perturb-seq/fastq_files/IGVFFI8736BSAX.fastq.gz,IGVFDS8623ONYE,8_22CCCNLT3,gRNA
/cellar/users/aklie/data/datasets/tf_perturb_seq/datasets/Huangfu_HUES8-embryonic-stemcell-differentiation_TF-Perturb-seq/fastq_files/IGVFFI3707GSCY.fastq.gz,/cellar/users/aklie/data/datasets/tf_perturb_seq/datasets/Huangfu_HUES8-embryonic-stemcell-differentiation_TF-Perturb-seq/fastq_files/IGVFFI5586MDMD.fastq.gz,IGVFDS8623ONYE,1_222VYVLT4,scRNA
/cellar/users/aklie/data/datasets/tf_perturb_seq/datasets/Huangfu_HUES8-embryonic-stemcell-differentiation_TF-Perturb-seq/fastq_files/IGVFFI4367WXTX.fastq.gz,/cellar/users/aklie/data/datasets/tf_perturb_seq/datasets/Huangfu_HUES8-embryonic-stemcell-differentiation_TF-Perturb-seq/fastq_files/IGVFFI1840QYQY.fastq.gz,IGVFDS8623ONYE,1_222WL5LT4,scRNA
/cellar/users/aklie/data/datasets/tf_perturb_seq/datasets/Huangfu_HUES8-embryonic-stemcell-differentiation_TF-Perturb-seq/fastq_files/IGVFFI5202DJXF.fastq.gz,/cellar/users/aklie/data/datasets/tf_perturb_seq/datasets/Huangfu_HUES8-embryonic-stemcell-differentiation_TF-Perturb-seq/fastq_files/IGVFFI5610TFOA.fastq.gz,IGVFDS8623ONYE,1_22CCCNLT3,scRNA
/cellar/users/aklie/data/datasets/tf_perturb_seq/datasets/Huangfu_HUES8-embryonic-stemcell-differentiation_TF-Perturb-seq/fastq_files/IGVFFI8241GODK.fastq.gz,/cellar/users/aklie/data/datasets/tf_perturb_seq/datasets/Huangfu_HUES8-embryonic-stemcell-differentiation_TF-Perturb-seq/fastq_files/IGVFFI7103HCAJ.fastq.gz,IGVFDS8623ONYE,1_22HC77LT3,scRNA
/cellar/users/aklie/data/datasets/tf_perturb_seq/datasets/Huangfu_HUES8-embryonic-stemcell-differentiation_TF-Perturb-seq/fastq_files/IGVFFI1291KTRI.fastq.gz,/cellar/users/aklie/data/datasets/tf_perturb_seq/datasets/Huangfu_HUES8-embryonic-stemcell-differentiation_TF-Perturb-seq/fastq_files/IGVFFI5804BAUG.fastq.gz,IGVFDS8623ONYE,2_222VYVLT4,scRNA
/cellar/users/aklie/data/datasets/tf_perturb_seq/datasets/Huangfu_HUES8-embryonic-stemcell-differentiation_TF-Perturb-seq/fastq_files/IGVFFI2589CSVD.fastq.gz,/cellar/users/aklie/data/datasets/tf_perturb_seq/datasets/Huangfu_HUES8-embryonic-stemcell-differentiation_TF-Perturb-seq/fastq_files/IGVFFI5498HBFO.fastq.gz,IGVFDS8623ONYE,2_222WL5LT4,scRNA
/cellar/users/aklie/data/datasets/tf_perturb_seq/datasets/Huangfu_HUES8-embryonic-stemcell-differentiation_TF-Perturb-seq/fastq_files/IGVFFI3545FULW.fastq.gz,/cellar/users/aklie/data/datasets/tf_perturb_seq/datasets/Huangfu_HUES8-embryonic-stemcell-differentiation_TF-Perturb-seq/fastq_files/IGVFFI7864MLHH.fastq.gz,IGVFDS8623ONYE,2_22CCCNLT3,scRNA
/cellar/users/aklie/data/datasets/tf_perturb_seq/datasets/Huangfu_HUES8-embryonic-stemcell-differentiation_TF-Perturb-seq/fastq_files/IGVFFI9199FYDK.fastq.gz,/cellar/users/aklie/data/datasets/tf_perturb_seq/datasets/Huangfu_HUES8-embryonic-stemcell-differentiation_TF-Perturb-seq/fastq_files/IGVFFI2155DICG.fastq.gz,IGVFDS8623ONYE,2_22HC77LT3,scRNA
/cellar/users/aklie/data/datasets/tf_perturb_seq/datasets/Huangfu_HUES8-embryonic-stemcell-differentiation_TF-Perturb-seq/fastq_files/IGVFFI5106WZLW.fastq.gz,/cellar/users/aklie/data/datasets/tf_perturb_seq/datasets/Huangfu_HUES8-embryonic-stemcell-differentiation_TF-Perturb-seq/fastq_files/IGVFFI9151NNYP.fastq.gz,IGVFDS8623ONYE,3_222VYVLT4,scRNA
/cellar/users/aklie/data/datasets/tf_perturb_seq/datasets/Huangfu_HUES8-embryonic-stemcell-differentiation_TF-Perturb-seq/fastq_files/IGVFFI9734TAAT.fastq.gz,/cellar/users/aklie/data/datasets/tf_perturb_seq/datasets/Huangfu_HUES8-embryonic-stemcell-differentiation_TF-Perturb-seq/fastq_files/IGVFFI4591AIDK.fastq.gz,IGVFDS8623ONYE,3_222WL5LT4,scRNA
/cellar/users/aklie/data/datasets/tf_perturb_seq/datasets/Huangfu_HUES8-embryonic-stemcell-differentiation_TF-Perturb-seq/fastq_files/IGVFFI2508KRON.fastq.gz,/cellar/users/aklie/data/datasets/tf_perturb_seq/datasets/Huangfu_HUES8-embryonic-stemcell-differentiation_TF-Perturb-seq/fastq_files/IGVFFI0775BWRC.fastq.gz,IGVFDS8623ONYE,3_22CCCNLT3,scRNA
/cellar/users/aklie/data/datasets/tf_perturb_seq/datasets/Huangfu_HUES8-embryonic-stemcell-differentiation_TF-Perturb-seq/fastq_files/IGVFFI0333IOFZ.fastq.gz,/cellar/users/aklie/data/datasets/tf_perturb_seq/datasets/Huangfu_HUES8-embryonic-stemcell-differentiation_TF-Perturb-seq/fastq_files/IGVFFI1111EBFX.fastq.gz,IGVFDS8623ONYE,4_222WL5LT4,scRNA
/cellar/users/aklie/data/datasets/tf_perturb_seq/datasets/Huangfu_HUES8-embryonic-stemcell-differentiation_TF-Perturb-seq/fastq_files/IGVFFI7584RFFV.fastq.gz,/cellar/users/aklie/data/datasets/tf_perturb_seq/datasets/Huangfu_HUES8-embryonic-stemcell-differentiation_TF-Perturb-seq/fastq_files/IGVFFI9874SAIX.fastq.gz,IGVFDS8623ONYE,4_22CCCNLT3,scRNA
/cellar/users/aklie/data/datasets/tf_perturb_seq/datasets/Huangfu_HUES8-embryonic-stemcell-differentiation_TF-Perturb-seq/fastq_files/IGVFFI7032DVWH.fastq.gz,/cellar/users/aklie/data/datasets/tf_perturb_seq/datasets/Huangfu_HUES8-embryonic-stemcell-differentiation_TF-Perturb-seq/fastq_files/IGVFFI5733SKIT.fastq.gz,IGVFDS8623ONYE,5_22CCCNLT3,scRNA
/cellar/users/aklie/data/datasets/tf_perturb_seq/datasets/Huangfu_HUES8-embryonic-stemcell-differentiation_TF-Perturb-seq/fastq_files/IGVFFI6742RCMR.fastq.gz,/cellar/users/aklie/data/datasets/tf_perturb_seq/datasets/Huangfu_HUES8-embryonic-stemcell-differentiation_TF-Perturb-seq/fastq_files/IGVFFI6344HDHJ.fastq.gz,IGVFDS8623ONYE,6_22CCCNLT3,scRNA
/cellar/users/aklie/data/datasets/tf_perturb_seq/datasets/Huangfu_HUES8-embryonic-stemcell-differentiation_TF-Perturb-seq/fastq_files/IGVFFI5048PEEZ.fastq.gz,/cellar/users/aklie/data/datasets/tf_perturb_seq/datasets/Huangfu_HUES8-embryonic-stemcell-differentiation_TF-Perturb-seq/fastq_files/IGVFFI5317EBPA.fastq.gz,IGVFDS8623ONYE,7_22CCCNLT3,scRNA
/cellar/users/aklie/data/datasets/tf_perturb_seq/datasets/Huangfu_HUES8-embryonic-stemcell-differentiation_TF-Perturb-seq/fastq_files/IGVFFI9252IGSM.fastq.gz,/cellar/users/aklie/data/datasets/tf_perturb_seq/datasets/Huangfu_HUES8-embryonic-stemcell-differentiation_TF-Perturb-seq/fastq_files/IGVFFI6804ZISV.fastq.gz,IGVFDS8623ONYE,8_22CCCNLT3,scRNA
