R1_path,R2_path,file_modality,measurement_sets,sequencing_run,lane,seqspec,barcode_onlist,guide_design,barcode_hashtag_map
gs://igvf-pertub-seq-pipeline-data/Gersbach_WTC11-benchmark_TF-Perturb-seq_HTv2/2026_02_04/2025/07/23/f59770bd-f2a7-4189-aaaf-66294a8db30a/IGVFFI3118BVSH.fastq.gz,gs://igvf-pertub-seq-pipeline-data/Gersbach_WTC11-benchmark_TF-Perturb-seq_HTv2/2026_02_04/2025/07/23/92e249f0-21bd-41f8-81f9-9d3874f268c1/IGVFFI0225CCAW.fastq.gz,scRNA,IGVFDS6261TOSA,2,8,gs://igvf-pertub-seq-pipeline-data/Gersbach_WTC11-benchmark_TF-Perturb-seq_HTv2/2026_02_04/patch/IGVFFI9593AAFI.yaml,gs://igvf-pertub-seq-pipeline-data/Gersbach_WTC11-benchmark_TF-Perturb-seq_HTv2/2026_02_04/patch/IGVFFI9487JPEN.tsv,gs://igvf-pertub-seq-pipeline-data/Gersbach_WTC11-benchmark_TF-Perturb-seq_HTv2/2026_02_04/patch/IGVFFI5765HMZH.tsv,
gs://igvf-pertub-seq-pipeline-data/Gersbach_WTC11-benchmark_TF-Perturb-seq_HTv2/2026_02_04/2025/07/23/6d6a56c5-407e-4ef8-8146-3f403f6e2177/IGVFFI7882NYDB.fastq.gz,gs://igvf-pertub-seq-pipeline-data/Gersbach_WTC11-benchmark_TF-Perturb-seq_HTv2/2026_02_04/2025/07/23/5d4c1e7a-596f-4461-b3ad-75b7a0e2c8ad/IGVFFI0406JDVY.fastq.gz,scRNA,IGVFDS6261TOSA,2,7,gs://igvf-pertub-seq-pipeline-data/Gersbach_WTC11-benchmark_TF-Perturb-seq_HTv2/2026_02_04/patch/IGVFFI5578YVQU.yaml,gs://igvf-pertub-seq-pipeline-data/Gersbach_WTC11-benchmark_TF-Perturb-seq_HTv2/2026_02_04/patch/IGVFFI9487JPEN.tsv,gs://igvf-pertub-seq-pipeline-data/Gersbach_WTC11-benchmark_TF-Perturb-seq_HTv2/2026_02_04/patch/IGVFFI5765HMZH.tsv,
gs://igvf-pertub-seq-pipeline-data/Gersbach_WTC11-benchmark_TF-Perturb-seq_HTv2/2026_02_04/2025/07/23/c4cfb484-f341-4f38-94ac-45d001c193e0/IGVFFI7896UBPY.fastq.gz,gs://igvf-pertub-seq-pipeline-data/Gersbach_WTC11-benchmark_TF-Perturb-seq_HTv2/2026_02_04/2025/07/23/8e38b899-f260-4490-84ca-7c94f4e8f051/IGVFFI1061TNOI.fastq.gz,scRNA,IGVFDS6261TOSA,2,1,gs://igvf-pertub-seq-pipeline-data/Gersbach_WTC11-benchmark_TF-Perturb-seq_HTv2/2026_02_04/patch/IGVFFI8944YQAH.yaml,gs://igvf-pertub-seq-pipeline-data/Gersbach_WTC11-benchmark_TF-Perturb-seq_HTv2/2026_02_04/patch/IGVFFI9487JPEN.tsv,gs://igvf-pertub-seq-pipeline-data/Gersbach_WTC11-benchmark_TF-Perturb-seq_HTv2/2026_02_04/patch/IGVFFI5765HMZH.tsv,
gs://igvf-pertub-seq-pipeline-data/Gersbach_WTC11-benchmark_TF-Perturb-seq_HTv2/2026_02_04/2025/07/23/685f716d-5b9b-4943-867c-83a63ccebf16/IGVFFI6181VNOQ.fastq.gz,gs://igvf-pertub-seq-pipeline-data/Gersbach_WTC11-benchmark_TF-Perturb-seq_HTv2/2026_02_04/2025/07/23/93071ad1-0b5d-4c2f-8a3b-e787a1467497/IGVFFI1215YFSM.fastq.gz,scRNA,IGVFDS6261TOSA,2,4,gs://igvf-pertub-seq-pipeline-data/Gersbach_WTC11-benchmark_TF-Perturb-seq_HTv2/2026_02_04/patch/IGVFFI9127TSTV.yaml,gs://igvf-pertub-seq-pipeline-data/Gersbach_WTC11-benchmark_TF-Perturb-seq_HTv2/2026_02_04/patch/IGVFFI9487JPEN.tsv,gs://igvf-pertub-seq-pipeline-data/Gersbach_WTC11-benchmark_TF-Perturb-seq_HTv2/2026_02_04/patch/IGVFFI5765HMZH.tsv,
gs://igvf-pertub-seq-pipeline-data/Gersbach_WTC11-benchmark_TF-Perturb-seq_HTv2/2026_02_04/2025/07/23/5e2791ec-a859-444c-b7b6-c961160facba/IGVFFI3015DBXW.fastq.gz,gs://igvf-pertub-seq-pipeline-data/Gersbach_WTC11-benchmark_TF-Perturb-seq_HTv2/2026_02_04/2025/07/23/8150de3d-91e5-4bf6-a902-fd76df9dc98d/IGVFFI8434GJYK.fastq.gz,scRNA,IGVFDS6261TOSA,2,2,gs://igvf-pertub-seq-pipeline-data/Gersbach_WTC11-benchmark_TF-Perturb-seq_HTv2/2026_02_04/patch/IGVFFI0326NMJT.yaml,gs://igvf-pertub-seq-pipeline-data/Gersbach_WTC11-benchmark_TF-Perturb-seq_HTv2/2026_02_04/patch/IGVFFI9487JPEN.tsv,gs://igvf-pertub-seq-pipeline-data/Gersbach_WTC11-benchmark_TF-Perturb-seq_HTv2/2026_02_04/patch/IGVFFI5765HMZH.tsv,
gs://igvf-pertub-seq-pipeline-data/Gersbach_WTC11-benchmark_TF-Perturb-seq_HTv2/2026_02_04/2025/07/23/e40c6dc7-4d96-49d4-92ee-8706317d2a02/IGVFFI3046HPSG.fastq.gz,gs://igvf-pertub-seq-pipeline-data/Gersbach_WTC11-benchmark_TF-Perturb-seq_HTv2/2026_02_04/2025/07/23/996074df-6d67-4e74-b248-a824200d779a/IGVFFI4110UGAT.fastq.gz,scRNA,IGVFDS6261TOSA,2,6,gs://igvf-pertub-seq-pipeline-data/Gersbach_WTC11-benchmark_TF-Perturb-seq_HTv2/2026_02_04/patch/IGVFFI5554CQTU.yaml,gs://igvf-pertub-seq-pipeline-data/Gersbach_WTC11-benchmark_TF-Perturb-seq_HTv2/2026_02_04/patch/IGVFFI9487JPEN.tsv,gs://igvf-pertub-seq-pipeline-data/Gersbach_WTC11-benchmark_TF-Perturb-seq_HTv2/2026_02_04/patch/IGVFFI5765HMZH.tsv,
gs://igvf-pertub-seq-pipeline-data/Gersbach_WTC11-benchmark_TF-Perturb-seq_HTv2/2026_02_04/2025/07/23/4b4ed79e-aa7a-4108-9047-ba78e81b7534/IGVFFI3058WEVL.fastq.gz,gs://igvf-pertub-seq-pipeline-data/Gersbach_WTC11-benchmark_TF-Perturb-seq_HTv2/2026_02_04/2025/07/23/0763e5fc-3b26-452b-a43c-ff1c4bd740af/IGVFFI4665TTGK.fastq.gz,scRNA,IGVFDS6261TOSA,1,1,gs://igvf-pertub-seq-pipeline-data/Gersbach_WTC11-benchmark_TF-Perturb-seq_HTv2/2026_02_04/patch/IGVFFI2576JLSC.yaml,gs://igvf-pertub-seq-pipeline-data/Gersbach_WTC11-benchmark_TF-Perturb-seq_HTv2/2026_02_04/patch/IGVFFI9487JPEN.tsv,gs://igvf-pertub-seq-pipeline-data/Gersbach_WTC11-benchmark_TF-Perturb-seq_HTv2/2026_02_04/patch/IGVFFI5765HMZH.tsv,
gs://igvf-pertub-seq-pipeline-data/Gersbach_WTC11-benchmark_TF-Perturb-seq_HTv2/2026_02_04/2025/07/23/c39115fe-ffbf-4c6a-8243-9a32541885b5/IGVFFI7596HKNJ.fastq.gz,gs://igvf-pertub-seq-pipeline-data/Gersbach_WTC11-benchmark_TF-Perturb-seq_HTv2/2026_02_04/2025/07/23/e35bee73-b1cf-473b-b3c0-098aaa205f39/IGVFFI3743QOQR.fastq.gz,scRNA,IGVFDS6261TOSA,2,5,gs://igvf-pertub-seq-pipeline-data/Gersbach_WTC11-benchmark_TF-Perturb-seq_HTv2/2026_02_04/patch/IGVFFI9746QYCG.yaml,gs://igvf-pertub-seq-pipeline-data/Gersbach_WTC11-benchmark_TF-Perturb-seq_HTv2/2026_02_04/patch/IGVFFI9487JPEN.tsv,gs://igvf-pertub-seq-pipeline-data/Gersbach_WTC11-benchmark_TF-Perturb-seq_HTv2/2026_02_04/patch/IGVFFI5765HMZH.tsv,
gs://igvf-pertub-seq-pipeline-data/Gersbach_WTC11-benchmark_TF-Perturb-seq_HTv2/2026_02_04/2025/07/23/4866d5ea-2b7d-42e8-acf9-d8bce58e9d48/IGVFFI5086PAHU.fastq.gz,gs://igvf-pertub-seq-pipeline-data/Gersbach_WTC11-benchmark_TF-Perturb-seq_HTv2/2026_02_04/2025/07/23/b8479463-6260-43f7-89fe-6521782a774e/IGVFFI4313CTST.fastq.gz,scRNA,IGVFDS6261TOSA,2,3,gs://igvf-pertub-seq-pipeline-data/Gersbach_WTC11-benchmark_TF-Perturb-seq_HTv2/2026_02_04/patch/IGVFFI5716EDJN.yaml,gs://igvf-pertub-seq-pipeline-data/Gersbach_WTC11-benchmark_TF-Perturb-seq_HTv2/2026_02_04/patch/IGVFFI9487JPEN.tsv,gs://igvf-pertub-seq-pipeline-data/Gersbach_WTC11-benchmark_TF-Perturb-seq_HTv2/2026_02_04/patch/IGVFFI5765HMZH.tsv,
gs://igvf-pertub-seq-pipeline-data/Gersbach_WTC11-benchmark_TF-Perturb-seq_HTv2/2026_02_04/2025/07/23/934d6e69-5ec7-4f46-bfa1-14622e569d10/IGVFFI0021GKDG.fastq.gz,gs://igvf-pertub-seq-pipeline-data/Gersbach_WTC11-benchmark_TF-Perturb-seq_HTv2/2026_02_04/2025/07/23/a1ff6aa7-46fa-4e8a-882f-d5b70dfdfb0f/IGVFFI6732ZLQI.fastq.gz,scRNA,IGVFDS2820AGVV,2,6,gs://igvf-pertub-seq-pipeline-data/Gersbach_WTC11-benchmark_TF-Perturb-seq_HTv2/2026_02_04/patch/IGVFFI6648OTPT.yaml,gs://igvf-pertub-seq-pipeline-data/Gersbach_WTC11-benchmark_TF-Perturb-seq_HTv2/2026_02_04/patch/IGVFFI9487JPEN.tsv,gs://igvf-pertub-seq-pipeline-data/Gersbach_WTC11-benchmark_TF-Perturb-seq_HTv2/2026_02_04/patch/IGVFFI5765HMZH.tsv,
gs://igvf-pertub-seq-pipeline-data/Gersbach_WTC11-benchmark_TF-Perturb-seq_HTv2/2026_02_04/2025/07/23/bb568caa-cf06-4a6a-be53-e563985d4c52/IGVFFI0440UPYM.fastq.gz,gs://igvf-pertub-seq-pipeline-data/Gersbach_WTC11-benchmark_TF-Perturb-seq_HTv2/2026_02_04/2025/07/23/be20f673-45db-4acf-a415-639566409ab5/IGVFFI0770YAEG.fastq.gz,scRNA,IGVFDS2820AGVV,2,2,gs://igvf-pertub-seq-pipeline-data/Gersbach_WTC11-benchmark_TF-Perturb-seq_HTv2/2026_02_04/patch/IGVFFI9735LVDP.yaml,gs://igvf-pertub-seq-pipeline-data/Gersbach_WTC11-benchmark_TF-Perturb-seq_HTv2/2026_02_04/patch/IGVFFI9487JPEN.tsv,gs://igvf-pertub-seq-pipeline-data/Gersbach_WTC11-benchmark_TF-Perturb-seq_HTv2/2026_02_04/patch/IGVFFI5765HMZH.tsv,
gs://igvf-pertub-seq-pipeline-data/Gersbach_WTC11-benchmark_TF-Perturb-seq_HTv2/2026_02_04/2025/07/23/d1dd363e-5aba-4f6a-ac29-567bf41bdd3c/IGVFFI7663BLPQ.fastq.gz,gs://igvf-pertub-seq-pipeline-data/Gersbach_WTC11-benchmark_TF-Perturb-seq_HTv2/2026_02_04/2025/07/23/ec2b8898-5621-4aeb-93b3-28e1087a4843/IGVFFI1308HZJM.fastq.gz,scRNA,IGVFDS2820AGVV,2,7,gs://igvf-pertub-seq-pipeline-data/Gersbach_WTC11-benchmark_TF-Perturb-seq_HTv2/2026_02_04/patch/IGVFFI4368QZBJ.yaml,gs://igvf-pertub-seq-pipeline-data/Gersbach_WTC11-benchmark_TF-Perturb-seq_HTv2/2026_02_04/patch/IGVFFI9487JPEN.tsv,gs://igvf-pertub-seq-pipeline-data/Gersbach_WTC11-benchmark_TF-Perturb-seq_HTv2/2026_02_04/patch/IGVFFI5765HMZH.tsv,
gs://igvf-pertub-seq-pipeline-data/Gersbach_WTC11-benchmark_TF-Perturb-seq_HTv2/2026_02_04/2025/07/23/857068e4-0ee4-46fb-bfd9-a7fbdc5888cf/IGVFFI9522KZCI.fastq.gz,gs://igvf-pertub-seq-pipeline-data/Gersbach_WTC11-benchmark_TF-Perturb-seq_HTv2/2026_02_04/2025/07/23/90afd18a-5298-4942-9b9b-1577e597b0ca/IGVFFI1310FDPT.fastq.gz,scRNA,IGVFDS2820AGVV,1,1,gs://igvf-pertub-seq-pipeline-data/Gersbach_WTC11-benchmark_TF-Perturb-seq_HTv2/2026_02_04/patch/IGVFFI0579IJOO.yaml,gs://igvf-pertub-seq-pipeline-data/Gersbach_WTC11-benchmark_TF-Perturb-seq_HTv2/2026_02_04/patch/IGVFFI9487JPEN.tsv,gs://igvf-pertub-seq-pipeline-data/Gersbach_WTC11-benchmark_TF-Perturb-seq_HTv2/2026_02_04/patch/IGVFFI5765HMZH.tsv,
gs://igvf-pertub-seq-pipeline-data/Gersbach_WTC11-benchmark_TF-Perturb-seq_HTv2/2026_02_04/2025/07/23/20bc873e-0d08-41c1-b467-b40656bd225a/IGVFFI3996HYQF.fastq.gz,gs://igvf-pertub-seq-pipeline-data/Gersbach_WTC11-benchmark_TF-Perturb-seq_HTv2/2026_02_04/2025/07/23/4a4cefd5-8087-4bfe-b976-91ce54376476/IGVFFI5647ZCZK.fastq.gz,scRNA,IGVFDS2820AGVV,2,3,gs://igvf-pertub-seq-pipeline-data/Gersbach_WTC11-benchmark_TF-Perturb-seq_HTv2/2026_02_04/patch/IGVFFI7643CUNP.yaml,gs://igvf-pertub-seq-pipeline-data/Gersbach_WTC11-benchmark_TF-Perturb-seq_HTv2/2026_02_04/patch/IGVFFI9487JPEN.tsv,gs://igvf-pertub-seq-pipeline-data/Gersbach_WTC11-benchmark_TF-Perturb-seq_HTv2/2026_02_04/patch/IGVFFI5765HMZH.tsv,
gs://igvf-pertub-seq-pipeline-data/Gersbach_WTC11-benchmark_TF-Perturb-seq_HTv2/2026_02_04/2025/07/23/d43c12b6-f675-4e95-bcec-e1c34a7105ae/IGVFFI6578ULOM.fastq.gz,gs://igvf-pertub-seq-pipeline-data/Gersbach_WTC11-benchmark_TF-Perturb-seq_HTv2/2026_02_04/2025/07/23/5fca0568-a095-444e-90c1-57b4fa600dc8/IGVFFI4010KKOX.fastq.gz,scRNA,IGVFDS2820AGVV,2,4,gs://igvf-pertub-seq-pipeline-data/Gersbach_WTC11-benchmark_TF-Perturb-seq_HTv2/2026_02_04/patch/IGVFFI9501ZDCE.yaml,gs://igvf-pertub-seq-pipeline-data/Gersbach_WTC11-benchmark_TF-Perturb-seq_HTv2/2026_02_04/patch/IGVFFI9487JPEN.tsv,gs://igvf-pertub-seq-pipeline-data/Gersbach_WTC11-benchmark_TF-Perturb-seq_HTv2/2026_02_04/patch/IGVFFI5765HMZH.tsv,
gs://igvf-pertub-seq-pipeline-data/Gersbach_WTC11-benchmark_TF-Perturb-seq_HTv2/2026_02_04/2025/07/23/58a73778-b6bd-4480-b70b-11916febdeaa/IGVFFI4208FWAZ.fastq.gz,gs://igvf-pertub-seq-pipeline-data/Gersbach_WTC11-benchmark_TF-Perturb-seq_HTv2/2026_02_04/2025/07/23/75382bdc-2f42-49e1-b1e1-a5ebbbd8c249/IGVFFI7143SRVA.fastq.gz,scRNA,IGVFDS2820AGVV,2,5,gs://igvf-pertub-seq-pipeline-data/Gersbach_WTC11-benchmark_TF-Perturb-seq_HTv2/2026_02_04/patch/IGVFFI1690RTSC.yaml,gs://igvf-pertub-seq-pipeline-data/Gersbach_WTC11-benchmark_TF-Perturb-seq_HTv2/2026_02_04/patch/IGVFFI9487JPEN.tsv,gs://igvf-pertub-seq-pipeline-data/Gersbach_WTC11-benchmark_TF-Perturb-seq_HTv2/2026_02_04/patch/IGVFFI5765HMZH.tsv,
gs://igvf-pertub-seq-pipeline-data/Gersbach_WTC11-benchmark_TF-Perturb-seq_HTv2/2026_02_04/2025/07/23/b21bb342-c0da-4686-8ffb-f893d50e8b62/IGVFFI5828PCJL.fastq.gz,gs://igvf-pertub-seq-pipeline-data/Gersbach_WTC11-benchmark_TF-Perturb-seq_HTv2/2026_02_04/2025/07/23/a9a92773-4873-401e-bba5-93224c4f5544/IGVFFI8309MJGB.fastq.gz,scRNA,IGVFDS2820AGVV,2,8,gs://igvf-pertub-seq-pipeline-data/Gersbach_WTC11-benchmark_TF-Perturb-seq_HTv2/2026_02_04/patch/IGVFFI3182NZQP.yaml,gs://igvf-pertub-seq-pipeline-data/Gersbach_WTC11-benchmark_TF-Perturb-seq_HTv2/2026_02_04/patch/IGVFFI9487JPEN.tsv,gs://igvf-pertub-seq-pipeline-data/Gersbach_WTC11-benchmark_TF-Perturb-seq_HTv2/2026_02_04/patch/IGVFFI5765HMZH.tsv,
gs://igvf-pertub-seq-pipeline-data/Gersbach_WTC11-benchmark_TF-Perturb-seq_HTv2/2026_02_04/2025/07/23/f57339e1-36d0-4a9d-9f5d-ed6d264dc0f9/IGVFFI6089BBPW.fastq.gz,gs://igvf-pertub-seq-pipeline-data/Gersbach_WTC11-benchmark_TF-Perturb-seq_HTv2/2026_02_04/2025/07/23/5ad170a8-7c0c-48d0-bad4-8579cdaf7531/IGVFFI9163NLBM.fastq.gz,scRNA,IGVFDS2820AGVV,2,1,gs://igvf-pertub-seq-pipeline-data/Gersbach_WTC11-benchmark_TF-Perturb-seq_HTv2/2026_02_04/patch/IGVFFI5953SIMN.yaml,gs://igvf-pertub-seq-pipeline-data/Gersbach_WTC11-benchmark_TF-Perturb-seq_HTv2/2026_02_04/patch/IGVFFI9487JPEN.tsv,gs://igvf-pertub-seq-pipeline-data/Gersbach_WTC11-benchmark_TF-Perturb-seq_HTv2/2026_02_04/patch/IGVFFI5765HMZH.tsv,
gs://igvf-pertub-seq-pipeline-data/Gersbach_WTC11-benchmark_TF-Perturb-seq_HTv2/2026_02_04/2025/07/23/836aa2ce-82e3-4262-8ece-5c9a1fb5a99e/IGVFFI0277EKIW.fastq.gz,gs://igvf-pertub-seq-pipeline-data/Gersbach_WTC11-benchmark_TF-Perturb-seq_HTv2/2026_02_04/2025/07/23/2fa6d305-63d5-4b56-9fd9-0deb259c5507/IGVFFI5312DGFJ.fastq.gz,scRNA,IGVFDS1940ANXO,2,1,gs://igvf-pertub-seq-pipeline-data/Gersbach_WTC11-benchmark_TF-Perturb-seq_HTv2/2026_02_04/patch/IGVFFI9684UINN.yaml,gs://igvf-pertub-seq-pipeline-data/Gersbach_WTC11-benchmark_TF-Perturb-seq_HTv2/2026_02_04/patch/IGVFFI9487JPEN.tsv,gs://igvf-pertub-seq-pipeline-data/Gersbach_WTC11-benchmark_TF-Perturb-seq_HTv2/2026_02_04/patch/IGVFFI5765HMZH.tsv,
gs://igvf-pertub-seq-pipeline-data/Gersbach_WTC11-benchmark_TF-Perturb-seq_HTv2/2026_02_04/2025/07/23/d47b8bd4-8989-446e-b49e-233303e809aa/IGVFFI9327CEIS.fastq.gz,gs://igvf-pertub-seq-pipeline-data/Gersbach_WTC11-benchmark_TF-Perturb-seq_HTv2/2026_02_04/2025/07/23/45e93bc1-e169-4732-85e6-783c17f55a11/IGVFFI0333KWZK.fastq.gz,scRNA,IGVFDS1940ANXO,2,2,gs://igvf-pertub-seq-pipeline-data/Gersbach_WTC11-benchmark_TF-Perturb-seq_HTv2/2026_02_04/patch/IGVFFI0936QREW.yaml,gs://igvf-pertub-seq-pipeline-data/Gersbach_WTC11-benchmark_TF-Perturb-seq_HTv2/2026_02_04/patch/IGVFFI9487JPEN.tsv,gs://igvf-pertub-seq-pipeline-data/Gersbach_WTC11-benchmark_TF-Perturb-seq_HTv2/2026_02_04/patch/IGVFFI5765HMZH.tsv,
gs://igvf-pertub-seq-pipeline-data/Gersbach_WTC11-benchmark_TF-Perturb-seq_HTv2/2026_02_04/2025/07/23/f329d0f9-67ab-4777-bd6b-b318988f4771/IGVFFI3525MPZK.fastq.gz,gs://igvf-pertub-seq-pipeline-data/Gersbach_WTC11-benchmark_TF-Perturb-seq_HTv2/2026_02_04/2025/07/23/f473a8ed-61d5-4185-8dfc-f3b4af003764/IGVFFI3583GSZI.fastq.gz,scRNA,IGVFDS1940ANXO,2,5,gs://igvf-pertub-seq-pipeline-data/Gersbach_WTC11-benchmark_TF-Perturb-seq_HTv2/2026_02_04/patch/IGVFFI4417TKFK.yaml,gs://igvf-pertub-seq-pipeline-data/Gersbach_WTC11-benchmark_TF-Perturb-seq_HTv2/2026_02_04/patch/IGVFFI9487JPEN.tsv,gs://igvf-pertub-seq-pipeline-data/Gersbach_WTC11-benchmark_TF-Perturb-seq_HTv2/2026_02_04/patch/IGVFFI5765HMZH.tsv,
gs://igvf-pertub-seq-pipeline-data/Gersbach_WTC11-benchmark_TF-Perturb-seq_HTv2/2026_02_04/2025/07/23/7d9b7dee-32b5-4415-9c37-c05dfb26debf/IGVFFI8823UQKC.fastq.gz,gs://igvf-pertub-seq-pipeline-data/Gersbach_WTC11-benchmark_TF-Perturb-seq_HTv2/2026_02_04/2025/07/23/1393f0f3-59be-4f22-addc-85f6e5e73208/IGVFFI5107ZSAR.fastq.gz,scRNA,IGVFDS1940ANXO,2,4,gs://igvf-pertub-seq-pipeline-data/Gersbach_WTC11-benchmark_TF-Perturb-seq_HTv2/2026_02_04/patch/IGVFFI7807YOBM.yaml,gs://igvf-pertub-seq-pipeline-data/Gersbach_WTC11-benchmark_TF-Perturb-seq_HTv2/2026_02_04/patch/IGVFFI9487JPEN.tsv,gs://igvf-pertub-seq-pipeline-data/Gersbach_WTC11-benchmark_TF-Perturb-seq_HTv2/2026_02_04/patch/IGVFFI5765HMZH.tsv,
gs://igvf-pertub-seq-pipeline-data/Gersbach_WTC11-benchmark_TF-Perturb-seq_HTv2/2026_02_04/2025/07/23/1728a92d-4cc6-47d0-a40d-737d5816b338/IGVFFI6117WZOA.fastq.gz,gs://igvf-pertub-seq-pipeline-data/Gersbach_WTC11-benchmark_TF-Perturb-seq_HTv2/2026_02_04/2025/07/23/7ea24bc7-f4b5-4b65-971c-80c1de69e6e7/IGVFFI7968FFFC.fastq.gz,scRNA,IGVFDS1940ANXO,2,8,gs://igvf-pertub-seq-pipeline-data/Gersbach_WTC11-benchmark_TF-Perturb-seq_HTv2/2026_02_04/patch/IGVFFI7485FQKE.yaml,gs://igvf-pertub-seq-pipeline-data/Gersbach_WTC11-benchmark_TF-Perturb-seq_HTv2/2026_02_04/patch/IGVFFI9487JPEN.tsv,gs://igvf-pertub-seq-pipeline-data/Gersbach_WTC11-benchmark_TF-Perturb-seq_HTv2/2026_02_04/patch/IGVFFI5765HMZH.tsv,
gs://igvf-pertub-seq-pipeline-data/Gersbach_WTC11-benchmark_TF-Perturb-seq_HTv2/2026_02_04/2025/07/23/aa51168c-4675-487c-85bd-f8dc26cb8589/IGVFFI6183DUQG.fastq.gz,gs://igvf-pertub-seq-pipeline-data/Gersbach_WTC11-benchmark_TF-Perturb-seq_HTv2/2026_02_04/2025/07/23/bc26ba27-5b5d-4b5c-9c87-39ce81228570/IGVFFI8227VQUP.fastq.gz,scRNA,IGVFDS1940ANXO,2,7,gs://igvf-pertub-seq-pipeline-data/Gersbach_WTC11-benchmark_TF-Perturb-seq_HTv2/2026_02_04/patch/IGVFFI1373LVQN.yaml,gs://igvf-pertub-seq-pipeline-data/Gersbach_WTC11-benchmark_TF-Perturb-seq_HTv2/2026_02_04/patch/IGVFFI9487JPEN.tsv,gs://igvf-pertub-seq-pipeline-data/Gersbach_WTC11-benchmark_TF-Perturb-seq_HTv2/2026_02_04/patch/IGVFFI5765HMZH.tsv,
gs://igvf-pertub-seq-pipeline-data/Gersbach_WTC11-benchmark_TF-Perturb-seq_HTv2/2026_02_04/2025/07/23/b6b6ce11-1d0b-4f7e-aa94-3cbbe2837b52/IGVFFI6544HRDH.fastq.gz,gs://igvf-pertub-seq-pipeline-data/Gersbach_WTC11-benchmark_TF-Perturb-seq_HTv2/2026_02_04/2025/07/23/b1660ad1-c65a-4bce-aea4-8f53bc0e4a75/IGVFFI9595IOAZ.fastq.gz,scRNA,IGVFDS1940ANXO,2,3,gs://igvf-pertub-seq-pipeline-data/Gersbach_WTC11-benchmark_TF-Perturb-seq_HTv2/2026_02_04/patch/IGVFFI5169TPHR.yaml,gs://igvf-pertub-seq-pipeline-data/Gersbach_WTC11-benchmark_TF-Perturb-seq_HTv2/2026_02_04/patch/IGVFFI9487JPEN.tsv,gs://igvf-pertub-seq-pipeline-data/Gersbach_WTC11-benchmark_TF-Perturb-seq_HTv2/2026_02_04/patch/IGVFFI5765HMZH.tsv,
gs://igvf-pertub-seq-pipeline-data/Gersbach_WTC11-benchmark_TF-Perturb-seq_HTv2/2026_02_04/2025/07/23/f1a1a5e5-0c7d-4dc8-af28-f70864400ce7/IGVFFI7762HYWC.fastq.gz,gs://igvf-pertub-seq-pipeline-data/Gersbach_WTC11-benchmark_TF-Perturb-seq_HTv2/2026_02_04/2025/07/23/e7077a02-5a86-4dec-aac9-c2438cab33a4/IGVFFI6925YYUL.fastq.gz,scRNA,IGVFDS1940ANXO,2,6,gs://igvf-pertub-seq-pipeline-data/Gersbach_WTC11-benchmark_TF-Perturb-seq_HTv2/2026_02_04/patch/IGVFFI0872WZAZ.yaml,gs://igvf-pertub-seq-pipeline-data/Gersbach_WTC11-benchmark_TF-Perturb-seq_HTv2/2026_02_04/patch/IGVFFI9487JPEN.tsv,gs://igvf-pertub-seq-pipeline-data/Gersbach_WTC11-benchmark_TF-Perturb-seq_HTv2/2026_02_04/patch/IGVFFI5765HMZH.tsv,
gs://igvf-pertub-seq-pipeline-data/Gersbach_WTC11-benchmark_TF-Perturb-seq_HTv2/2026_02_04/2025/07/23/ce14c0be-7354-494b-a1fd-d7d7cfa77a00/IGVFFI0675SMIA.fastq.gz,gs://igvf-pertub-seq-pipeline-data/Gersbach_WTC11-benchmark_TF-Perturb-seq_HTv2/2026_02_04/2025/07/23/a8862a79-37d1-4d38-a16f-9568ce55788f/IGVFFI9325TNWB.fastq.gz,scRNA,IGVFDS0685OMIS,2,1,gs://igvf-pertub-seq-pipeline-data/Gersbach_WTC11-benchmark_TF-Perturb-seq_HTv2/2026_02_04/patch/IGVFFI8573ECKZ.yaml,gs://igvf-pertub-seq-pipeline-data/Gersbach_WTC11-benchmark_TF-Perturb-seq_HTv2/2026_02_04/patch/IGVFFI9487JPEN.tsv,gs://igvf-pertub-seq-pipeline-data/Gersbach_WTC11-benchmark_TF-Perturb-seq_HTv2/2026_02_04/patch/IGVFFI5765HMZH.tsv,
gs://igvf-pertub-seq-pipeline-data/Gersbach_WTC11-benchmark_TF-Perturb-seq_HTv2/2026_02_04/2025/07/23/a4aa5020-90f6-417b-a808-52dbfe218f45/IGVFFI4223HQBB.fastq.gz,gs://igvf-pertub-seq-pipeline-data/Gersbach_WTC11-benchmark_TF-Perturb-seq_HTv2/2026_02_04/2025/07/23/77d29032-7595-4e5e-ba82-f930ba04eede/IGVFFI4104RFQC.fastq.gz,scRNA,IGVFDS0685OMIS,2,3,gs://igvf-pertub-seq-pipeline-data/Gersbach_WTC11-benchmark_TF-Perturb-seq_HTv2/2026_02_04/patch/IGVFFI7449MVEE.yaml,gs://igvf-pertub-seq-pipeline-data/Gersbach_WTC11-benchmark_TF-Perturb-seq_HTv2/2026_02_04/patch/IGVFFI9487JPEN.tsv,gs://igvf-pertub-seq-pipeline-data/Gersbach_WTC11-benchmark_TF-Perturb-seq_HTv2/2026_02_04/patch/IGVFFI5765HMZH.tsv,
gs://igvf-pertub-seq-pipeline-data/Gersbach_WTC11-benchmark_TF-Perturb-seq_HTv2/2026_02_04/2025/07/23/4a518f31-d81d-4c1a-a1d3-b56bc7f49ac9/IGVFFI4258WDKK.fastq.gz,gs://igvf-pertub-seq-pipeline-data/Gersbach_WTC11-benchmark_TF-Perturb-seq_HTv2/2026_02_04/2025/07/23/955695ed-e677-44d8-82f2-eb773c5caae8/IGVFFI6304KAGY.fastq.gz,scRNA,IGVFDS0685OMIS,2,5,gs://igvf-pertub-seq-pipeline-data/Gersbach_WTC11-benchmark_TF-Perturb-seq_HTv2/2026_02_04/patch/IGVFFI5900ANFB.yaml,gs://igvf-pertub-seq-pipeline-data/Gersbach_WTC11-benchmark_TF-Perturb-seq_HTv2/2026_02_04/patch/IGVFFI9487JPEN.tsv,gs://igvf-pertub-seq-pipeline-data/Gersbach_WTC11-benchmark_TF-Perturb-seq_HTv2/2026_02_04/patch/IGVFFI5765HMZH.tsv,
gs://igvf-pertub-seq-pipeline-data/Gersbach_WTC11-benchmark_TF-Perturb-seq_HTv2/2026_02_04/2025/07/23/af1765fe-61be-4b94-b6ec-eaa0f5291be3/IGVFFI4848QTAT.fastq.gz,gs://igvf-pertub-seq-pipeline-data/Gersbach_WTC11-benchmark_TF-Perturb-seq_HTv2/2026_02_04/2025/07/23/63172d20-986b-486f-a05c-429a1f948f96/IGVFFI7150BZFR.fastq.gz,scRNA,IGVFDS0685OMIS,2,7,gs://igvf-pertub-seq-pipeline-data/Gersbach_WTC11-benchmark_TF-Perturb-seq_HTv2/2026_02_04/patch/IGVFFI0477KDVO.yaml,gs://igvf-pertub-seq-pipeline-data/Gersbach_WTC11-benchmark_TF-Perturb-seq_HTv2/2026_02_04/patch/IGVFFI9487JPEN.tsv,gs://igvf-pertub-seq-pipeline-data/Gersbach_WTC11-benchmark_TF-Perturb-seq_HTv2/2026_02_04/patch/IGVFFI5765HMZH.tsv,
gs://igvf-pertub-seq-pipeline-data/Gersbach_WTC11-benchmark_TF-Perturb-seq_HTv2/2026_02_04/2025/07/23/2567e73a-6fac-4d58-ba5f-ccfaed8ec5ae/IGVFFI7561QGFM.fastq.gz,gs://igvf-pertub-seq-pipeline-data/Gersbach_WTC11-benchmark_TF-Perturb-seq_HTv2/2026_02_04/2025/07/23/a1e681bc-42a4-4f93-be3d-49d7f4c5e3e1/IGVFFI5356OBFG.fastq.gz,scRNA,IGVFDS0685OMIS,2,4,gs://igvf-pertub-seq-pipeline-data/Gersbach_WTC11-benchmark_TF-Perturb-seq_HTv2/2026_02_04/patch/IGVFFI9467YPMD.yaml,gs://igvf-pertub-seq-pipeline-data/Gersbach_WTC11-benchmark_TF-Perturb-seq_HTv2/2026_02_04/patch/IGVFFI9487JPEN.tsv,gs://igvf-pertub-seq-pipeline-data/Gersbach_WTC11-benchmark_TF-Perturb-seq_HTv2/2026_02_04/patch/IGVFFI5765HMZH.tsv,
gs://igvf-pertub-seq-pipeline-data/Gersbach_WTC11-benchmark_TF-Perturb-seq_HTv2/2026_02_04/2025/07/23/aba038dd-70f4-442a-af90-8bebb43c39c5/IGVFFI9296NRKJ.fastq.gz,gs://igvf-pertub-seq-pipeline-data/Gersbach_WTC11-benchmark_TF-Perturb-seq_HTv2/2026_02_04/2025/07/23/dc798d25-af0f-4542-b01c-eb69bfd0a4a8/IGVFFI6650XMBT.fastq.gz,scRNA,IGVFDS0685OMIS,2,6,gs://igvf-pertub-seq-pipeline-data/Gersbach_WTC11-benchmark_TF-Perturb-seq_HTv2/2026_02_04/patch/IGVFFI9026VIVR.yaml,gs://igvf-pertub-seq-pipeline-data/Gersbach_WTC11-benchmark_TF-Perturb-seq_HTv2/2026_02_04/patch/IGVFFI9487JPEN.tsv,gs://igvf-pertub-seq-pipeline-data/Gersbach_WTC11-benchmark_TF-Perturb-seq_HTv2/2026_02_04/patch/IGVFFI5765HMZH.tsv,
gs://igvf-pertub-seq-pipeline-data/Gersbach_WTC11-benchmark_TF-Perturb-seq_HTv2/2026_02_04/2025/07/23/7e5cc353-7607-4a1a-ae51-c7d8244f6245/IGVFFI9944IATH.fastq.gz,gs://igvf-pertub-seq-pipeline-data/Gersbach_WTC11-benchmark_TF-Perturb-seq_HTv2/2026_02_04/2025/07/23/e146146c-60a7-4e66-b6b6-3d6bf1f4bf43/IGVFFI8995ALYT.fastq.gz,scRNA,IGVFDS0685OMIS,2,2,gs://igvf-pertub-seq-pipeline-data/Gersbach_WTC11-benchmark_TF-Perturb-seq_HTv2/2026_02_04/patch/IGVFFI9143GPKP.yaml,gs://igvf-pertub-seq-pipeline-data/Gersbach_WTC11-benchmark_TF-Perturb-seq_HTv2/2026_02_04/patch/IGVFFI9487JPEN.tsv,gs://igvf-pertub-seq-pipeline-data/Gersbach_WTC11-benchmark_TF-Perturb-seq_HTv2/2026_02_04/patch/IGVFFI5765HMZH.tsv,
gs://igvf-pertub-seq-pipeline-data/Gersbach_WTC11-benchmark_TF-Perturb-seq_HTv2/2026_02_04/2025/07/23/e9b60f01-59d9-433b-bdd9-0b07514cbd55/IGVFFI9758QMWT.fastq.gz,gs://igvf-pertub-seq-pipeline-data/Gersbach_WTC11-benchmark_TF-Perturb-seq_HTv2/2026_02_04/2025/07/23/3021e28d-2032-48ac-93e2-f79444af73e8/IGVFFI9011EAUO.fastq.gz,scRNA,IGVFDS0685OMIS,2,8,gs://igvf-pertub-seq-pipeline-data/Gersbach_WTC11-benchmark_TF-Perturb-seq_HTv2/2026_02_04/patch/IGVFFI9487ZLTF.yaml,gs://igvf-pertub-seq-pipeline-data/Gersbach_WTC11-benchmark_TF-Perturb-seq_HTv2/2026_02_04/patch/IGVFFI9487JPEN.tsv,gs://igvf-pertub-seq-pipeline-data/Gersbach_WTC11-benchmark_TF-Perturb-seq_HTv2/2026_02_04/patch/IGVFFI5765HMZH.tsv,
gs://igvf-pertub-seq-pipeline-data/Gersbach_WTC11-benchmark_TF-Perturb-seq_HTv2/2026_02_04/2025/07/23/48c6c8fa-364c-499c-add3-02512dbe8356/IGVFFI0715WEJZ.fastq.gz,gs://igvf-pertub-seq-pipeline-data/Gersbach_WTC11-benchmark_TF-Perturb-seq_HTv2/2026_02_04/2025/07/23/d0d1ade1-948c-4803-ae65-7745a8be1019/IGVFFI3287AAJD.fastq.gz,gRNA,IGVFDS2820AGVV,2,5,gs://igvf-pertub-seq-pipeline-data/Gersbach_WTC11-benchmark_TF-Perturb-seq_HTv2/2026_02_04/patch/IGVFFI2294CBIY.yaml,gs://igvf-pertub-seq-pipeline-data/Gersbach_WTC11-benchmark_TF-Perturb-seq_HTv2/2026_02_04/patch/IGVFFI9487JPEN.tsv,gs://igvf-pertub-seq-pipeline-data/Gersbach_WTC11-benchmark_TF-Perturb-seq_HTv2/2026_02_04/patch/IGVFFI5765HMZH.tsv,
gs://igvf-pertub-seq-pipeline-data/Gersbach_WTC11-benchmark_TF-Perturb-seq_HTv2/2026_02_04/2025/07/23/f9fe773f-104c-4012-b099-af4966331667/IGVFFI1293QWHZ.fastq.gz,gs://igvf-pertub-seq-pipeline-data/Gersbach_WTC11-benchmark_TF-Perturb-seq_HTv2/2026_02_04/2025/07/23/996bbd31-6517-4352-98b2-3c5f37759d4b/IGVFFI1021JINT.fastq.gz,gRNA,IGVFDS2820AGVV,2,6,gs://igvf-pertub-seq-pipeline-data/Gersbach_WTC11-benchmark_TF-Perturb-seq_HTv2/2026_02_04/patch/IGVFFI9979FCKE.yaml,gs://igvf-pertub-seq-pipeline-data/Gersbach_WTC11-benchmark_TF-Perturb-seq_HTv2/2026_02_04/patch/IGVFFI9487JPEN.tsv,gs://igvf-pertub-seq-pipeline-data/Gersbach_WTC11-benchmark_TF-Perturb-seq_HTv2/2026_02_04/patch/IGVFFI5765HMZH.tsv,
gs://igvf-pertub-seq-pipeline-data/Gersbach_WTC11-benchmark_TF-Perturb-seq_HTv2/2026_02_04/2025/07/23/95a11992-de6e-4b9d-8f9d-4d79f952fd0c/IGVFFI3018JHHN.fastq.gz,gs://igvf-pertub-seq-pipeline-data/Gersbach_WTC11-benchmark_TF-Perturb-seq_HTv2/2026_02_04/2025/07/23/7a241993-2073-48c8-a0b3-745fc3158bef/IGVFFI3395CMWZ.fastq.gz,gRNA,IGVFDS2820AGVV,2,2,gs://igvf-pertub-seq-pipeline-data/Gersbach_WTC11-benchmark_TF-Perturb-seq_HTv2/2026_02_04/patch/IGVFFI1957ERIA.yaml,gs://igvf-pertub-seq-pipeline-data/Gersbach_WTC11-benchmark_TF-Perturb-seq_HTv2/2026_02_04/patch/IGVFFI9487JPEN.tsv,gs://igvf-pertub-seq-pipeline-data/Gersbach_WTC11-benchmark_TF-Perturb-seq_HTv2/2026_02_04/patch/IGVFFI5765HMZH.tsv,
gs://igvf-pertub-seq-pipeline-data/Gersbach_WTC11-benchmark_TF-Perturb-seq_HTv2/2026_02_04/2025/07/23/f1c80f2f-1db7-4c1a-ba0c-349dff3fb14d/IGVFFI7590OPZU.fastq.gz,gs://igvf-pertub-seq-pipeline-data/Gersbach_WTC11-benchmark_TF-Perturb-seq_HTv2/2026_02_04/2025/07/23/06277c3c-8c13-4e7b-9ac9-273ce98ad242/IGVFFI3147EJIL.fastq.gz,gRNA,IGVFDS2820AGVV,2,8,gs://igvf-pertub-seq-pipeline-data/Gersbach_WTC11-benchmark_TF-Perturb-seq_HTv2/2026_02_04/patch/IGVFFI9946JRCZ.yaml,gs://igvf-pertub-seq-pipeline-data/Gersbach_WTC11-benchmark_TF-Perturb-seq_HTv2/2026_02_04/patch/IGVFFI9487JPEN.tsv,gs://igvf-pertub-seq-pipeline-data/Gersbach_WTC11-benchmark_TF-Perturb-seq_HTv2/2026_02_04/patch/IGVFFI5765HMZH.tsv,
gs://igvf-pertub-seq-pipeline-data/Gersbach_WTC11-benchmark_TF-Perturb-seq_HTv2/2026_02_04/2025/07/23/3e0d2781-bc28-4445-a562-bb99b921a159/IGVFFI6368MWTP.fastq.gz,gs://igvf-pertub-seq-pipeline-data/Gersbach_WTC11-benchmark_TF-Perturb-seq_HTv2/2026_02_04/2025/07/23/3a94ebc0-9137-4031-ae19-dd939e0e8383/IGVFFI4519TLTZ.fastq.gz,gRNA,IGVFDS2820AGVV,2,7,gs://igvf-pertub-seq-pipeline-data/Gersbach_WTC11-benchmark_TF-Perturb-seq_HTv2/2026_02_04/patch/IGVFFI9254GKSO.yaml,gs://igvf-pertub-seq-pipeline-data/Gersbach_WTC11-benchmark_TF-Perturb-seq_HTv2/2026_02_04/patch/IGVFFI9487JPEN.tsv,gs://igvf-pertub-seq-pipeline-data/Gersbach_WTC11-benchmark_TF-Perturb-seq_HTv2/2026_02_04/patch/IGVFFI5765HMZH.tsv,
gs://igvf-pertub-seq-pipeline-data/Gersbach_WTC11-benchmark_TF-Perturb-seq_HTv2/2026_02_04/2025/07/23/b1ca3017-7106-42a0-b5f9-c4ce33548e2b/IGVFFI5300BLNO.fastq.gz,gs://igvf-pertub-seq-pipeline-data/Gersbach_WTC11-benchmark_TF-Perturb-seq_HTv2/2026_02_04/2025/07/23/cac5a7dc-8082-4791-afe6-060afbe20e73/IGVFFI6839VPZG.fastq.gz,gRNA,IGVFDS2820AGVV,2,4,gs://igvf-pertub-seq-pipeline-data/Gersbach_WTC11-benchmark_TF-Perturb-seq_HTv2/2026_02_04/patch/IGVFFI0199SLRN.yaml,gs://igvf-pertub-seq-pipeline-data/Gersbach_WTC11-benchmark_TF-Perturb-seq_HTv2/2026_02_04/patch/IGVFFI9487JPEN.tsv,gs://igvf-pertub-seq-pipeline-data/Gersbach_WTC11-benchmark_TF-Perturb-seq_HTv2/2026_02_04/patch/IGVFFI5765HMZH.tsv,
gs://igvf-pertub-seq-pipeline-data/Gersbach_WTC11-benchmark_TF-Perturb-seq_HTv2/2026_02_04/2025/07/23/0aa8d7b9-ddce-490b-99cd-690e96e7e87e/IGVFFI5684FFVN.fastq.gz,gs://igvf-pertub-seq-pipeline-data/Gersbach_WTC11-benchmark_TF-Perturb-seq_HTv2/2026_02_04/2025/07/23/70095528-63c1-4489-a040-be4653798e62/IGVFFI9382PZMC.fastq.gz,gRNA,IGVFDS2820AGVV,1,1,gs://igvf-pertub-seq-pipeline-data/Gersbach_WTC11-benchmark_TF-Perturb-seq_HTv2/2026_02_04/patch/IGVFFI0539DHAP.yaml,gs://igvf-pertub-seq-pipeline-data/Gersbach_WTC11-benchmark_TF-Perturb-seq_HTv2/2026_02_04/patch/IGVFFI9487JPEN.tsv,gs://igvf-pertub-seq-pipeline-data/Gersbach_WTC11-benchmark_TF-Perturb-seq_HTv2/2026_02_04/patch/IGVFFI5765HMZH.tsv,
gs://igvf-pertub-seq-pipeline-data/Gersbach_WTC11-benchmark_TF-Perturb-seq_HTv2/2026_02_04/2025/07/23/712c55b6-1d07-4af2-9776-8e185e9e9a90/IGVFFI5850KLOF.fastq.gz,gs://igvf-pertub-seq-pipeline-data/Gersbach_WTC11-benchmark_TF-Perturb-seq_HTv2/2026_02_04/2025/07/23/68e56f0b-f6ff-4796-8d61-cc9f671c089a/IGVFFI9071NLGX.fastq.gz,gRNA,IGVFDS2820AGVV,2,1,gs://igvf-pertub-seq-pipeline-data/Gersbach_WTC11-benchmark_TF-Perturb-seq_HTv2/2026_02_04/patch/IGVFFI2767XXUK.yaml,gs://igvf-pertub-seq-pipeline-data/Gersbach_WTC11-benchmark_TF-Perturb-seq_HTv2/2026_02_04/patch/IGVFFI9487JPEN.tsv,gs://igvf-pertub-seq-pipeline-data/Gersbach_WTC11-benchmark_TF-Perturb-seq_HTv2/2026_02_04/patch/IGVFFI5765HMZH.tsv,
gs://igvf-pertub-seq-pipeline-data/Gersbach_WTC11-benchmark_TF-Perturb-seq_HTv2/2026_02_04/2025/07/23/7981c229-b22d-4efb-990a-3794cbc4f7aa/IGVFFI8648FFHK.fastq.gz,gs://igvf-pertub-seq-pipeline-data/Gersbach_WTC11-benchmark_TF-Perturb-seq_HTv2/2026_02_04/2025/07/23/5748adac-f19f-4a02-9104-2327763375b3/IGVFFI8399BDEB.fastq.gz,gRNA,IGVFDS2820AGVV,2,3,gs://igvf-pertub-seq-pipeline-data/Gersbach_WTC11-benchmark_TF-Perturb-seq_HTv2/2026_02_04/patch/IGVFFI2036NNRP.yaml,gs://igvf-pertub-seq-pipeline-data/Gersbach_WTC11-benchmark_TF-Perturb-seq_HTv2/2026_02_04/patch/IGVFFI9487JPEN.tsv,gs://igvf-pertub-seq-pipeline-data/Gersbach_WTC11-benchmark_TF-Perturb-seq_HTv2/2026_02_04/patch/IGVFFI5765HMZH.tsv,
gs://igvf-pertub-seq-pipeline-data/Gersbach_WTC11-benchmark_TF-Perturb-seq_HTv2/2026_02_04/2025/07/23/ee8bdb42-639f-4845-ba7d-70b157c10869/IGVFFI0406WGBC.fastq.gz,gs://igvf-pertub-seq-pipeline-data/Gersbach_WTC11-benchmark_TF-Perturb-seq_HTv2/2026_02_04/2025/07/23/7a349f13-89f6-47dd-92ff-d9dbc49f9bb3/IGVFFI9734AXOV.fastq.gz,gRNA,IGVFDS6261TOSA,1,1,gs://igvf-pertub-seq-pipeline-data/Gersbach_WTC11-benchmark_TF-Perturb-seq_HTv2/2026_02_04/patch/IGVFFI2534RGZE.yaml,gs://igvf-pertub-seq-pipeline-data/Gersbach_WTC11-benchmark_TF-Perturb-seq_HTv2/2026_02_04/patch/IGVFFI9487JPEN.tsv,gs://igvf-pertub-seq-pipeline-data/Gersbach_WTC11-benchmark_TF-Perturb-seq_HTv2/2026_02_04/patch/IGVFFI5765HMZH.tsv,
gs://igvf-pertub-seq-pipeline-data/Gersbach_WTC11-benchmark_TF-Perturb-seq_HTv2/2026_02_04/2025/07/23/23680056-4dd5-4ff6-b306-97f0005ee3d4/IGVFFI1455VVRV.fastq.gz,gs://igvf-pertub-seq-pipeline-data/Gersbach_WTC11-benchmark_TF-Perturb-seq_HTv2/2026_02_04/2025/07/23/6657f5ed-21f3-4c5e-b4a0-d66eb9773ced/IGVFFI4424MDGU.fastq.gz,gRNA,IGVFDS6261TOSA,2,7,gs://igvf-pertub-seq-pipeline-data/Gersbach_WTC11-benchmark_TF-Perturb-seq_HTv2/2026_02_04/patch/IGVFFI2009DPQO.yaml,gs://igvf-pertub-seq-pipeline-data/Gersbach_WTC11-benchmark_TF-Perturb-seq_HTv2/2026_02_04/patch/IGVFFI9487JPEN.tsv,gs://igvf-pertub-seq-pipeline-data/Gersbach_WTC11-benchmark_TF-Perturb-seq_HTv2/2026_02_04/patch/IGVFFI5765HMZH.tsv,
gs://igvf-pertub-seq-pipeline-data/Gersbach_WTC11-benchmark_TF-Perturb-seq_HTv2/2026_02_04/2025/07/23/163b8b90-fb33-4f69-9c48-60d4b24a4452/IGVFFI1795ODQJ.fastq.gz,gs://igvf-pertub-seq-pipeline-data/Gersbach_WTC11-benchmark_TF-Perturb-seq_HTv2/2026_02_04/2025/07/23/32a4172a-5960-441d-816d-3dcc5e62b555/IGVFFI4861TBKG.fastq.gz,gRNA,IGVFDS6261TOSA,2,4,gs://igvf-pertub-seq-pipeline-data/Gersbach_WTC11-benchmark_TF-Perturb-seq_HTv2/2026_02_04/patch/IGVFFI5560PMPN.yaml,gs://igvf-pertub-seq-pipeline-data/Gersbach_WTC11-benchmark_TF-Perturb-seq_HTv2/2026_02_04/patch/IGVFFI9487JPEN.tsv,gs://igvf-pertub-seq-pipeline-data/Gersbach_WTC11-benchmark_TF-Perturb-seq_HTv2/2026_02_04/patch/IGVFFI5765HMZH.tsv,
gs://igvf-pertub-seq-pipeline-data/Gersbach_WTC11-benchmark_TF-Perturb-seq_HTv2/2026_02_04/2025/07/23/88eace71-8ca8-4958-a073-a06a82bd29e3/IGVFFI2327AXEM.fastq.gz,gs://igvf-pertub-seq-pipeline-data/Gersbach_WTC11-benchmark_TF-Perturb-seq_HTv2/2026_02_04/2025/07/23/af358795-7377-402a-9f72-5abc4d0069f4/IGVFFI8715QZDT.fastq.gz,gRNA,IGVFDS6261TOSA,2,3,gs://igvf-pertub-seq-pipeline-data/Gersbach_WTC11-benchmark_TF-Perturb-seq_HTv2/2026_02_04/patch/IGVFFI4450UEXH.yaml,gs://igvf-pertub-seq-pipeline-data/Gersbach_WTC11-benchmark_TF-Perturb-seq_HTv2/2026_02_04/patch/IGVFFI9487JPEN.tsv,gs://igvf-pertub-seq-pipeline-data/Gersbach_WTC11-benchmark_TF-Perturb-seq_HTv2/2026_02_04/patch/IGVFFI5765HMZH.tsv,
gs://igvf-pertub-seq-pipeline-data/Gersbach_WTC11-benchmark_TF-Perturb-seq_HTv2/2026_02_04/2025/07/23/348ff3b3-45de-40b9-98a3-e4cae6039e4c/IGVFFI2634XECP.fastq.gz,gs://igvf-pertub-seq-pipeline-data/Gersbach_WTC11-benchmark_TF-Perturb-seq_HTv2/2026_02_04/2025/07/23/aae61f06-75dd-4ff0-af32-3ec8bf065939/IGVFFI3440CBKI.fastq.gz,gRNA,IGVFDS6261TOSA,2,5,gs://igvf-pertub-seq-pipeline-data/Gersbach_WTC11-benchmark_TF-Perturb-seq_HTv2/2026_02_04/patch/IGVFFI2755QRLF.yaml,gs://igvf-pertub-seq-pipeline-data/Gersbach_WTC11-benchmark_TF-Perturb-seq_HTv2/2026_02_04/patch/IGVFFI9487JPEN.tsv,gs://igvf-pertub-seq-pipeline-data/Gersbach_WTC11-benchmark_TF-Perturb-seq_HTv2/2026_02_04/patch/IGVFFI5765HMZH.tsv,
gs://igvf-pertub-seq-pipeline-data/Gersbach_WTC11-benchmark_TF-Perturb-seq_HTv2/2026_02_04/2025/07/23/fb099a8d-b409-4f03-af08-b2eb7c73d747/IGVFFI2652DWJG.fastq.gz,gs://igvf-pertub-seq-pipeline-data/Gersbach_WTC11-benchmark_TF-Perturb-seq_HTv2/2026_02_04/2025/07/23/bee27544-9a07-4ea7-a54e-cc7559a63a77/IGVFFI7065LFGT.fastq.gz,gRNA,IGVFDS6261TOSA,2,8,gs://igvf-pertub-seq-pipeline-data/Gersbach_WTC11-benchmark_TF-Perturb-seq_HTv2/2026_02_04/patch/IGVFFI5913GHNZ.yaml,gs://igvf-pertub-seq-pipeline-data/Gersbach_WTC11-benchmark_TF-Perturb-seq_HTv2/2026_02_04/patch/IGVFFI9487JPEN.tsv,gs://igvf-pertub-seq-pipeline-data/Gersbach_WTC11-benchmark_TF-Perturb-seq_HTv2/2026_02_04/patch/IGVFFI5765HMZH.tsv,
gs://igvf-pertub-seq-pipeline-data/Gersbach_WTC11-benchmark_TF-Perturb-seq_HTv2/2026_02_04/2025/07/23/e6bd9d2e-443f-429b-8e70-781e1a0a99b4/IGVFFI6482AAKG.fastq.gz,gs://igvf-pertub-seq-pipeline-data/Gersbach_WTC11-benchmark_TF-Perturb-seq_HTv2/2026_02_04/2025/07/23/8854005a-aa1c-4f5a-a29b-c6b64b365848/IGVFFI6504QAQW.fastq.gz,gRNA,IGVFDS6261TOSA,2,2,gs://igvf-pertub-seq-pipeline-data/Gersbach_WTC11-benchmark_TF-Perturb-seq_HTv2/2026_02_04/patch/IGVFFI9006WHIZ.yaml,gs://igvf-pertub-seq-pipeline-data/Gersbach_WTC11-benchmark_TF-Perturb-seq_HTv2/2026_02_04/patch/IGVFFI9487JPEN.tsv,gs://igvf-pertub-seq-pipeline-data/Gersbach_WTC11-benchmark_TF-Perturb-seq_HTv2/2026_02_04/patch/IGVFFI5765HMZH.tsv,
gs://igvf-pertub-seq-pipeline-data/Gersbach_WTC11-benchmark_TF-Perturb-seq_HTv2/2026_02_04/2025/07/23/b6d32d68-718f-4ed4-a86e-df64fff16cfc/IGVFFI9143YGRB.fastq.gz,gs://igvf-pertub-seq-pipeline-data/Gersbach_WTC11-benchmark_TF-Perturb-seq_HTv2/2026_02_04/2025/07/23/4fa4b7aa-c091-4182-b09e-37949567000e/IGVFFI6794WNXE.fastq.gz,gRNA,IGVFDS6261TOSA,2,6,gs://igvf-pertub-seq-pipeline-data/Gersbach_WTC11-benchmark_TF-Perturb-seq_HTv2/2026_02_04/patch/IGVFFI8291UJNI.yaml,gs://igvf-pertub-seq-pipeline-data/Gersbach_WTC11-benchmark_TF-Perturb-seq_HTv2/2026_02_04/patch/IGVFFI9487JPEN.tsv,gs://igvf-pertub-seq-pipeline-data/Gersbach_WTC11-benchmark_TF-Perturb-seq_HTv2/2026_02_04/patch/IGVFFI5765HMZH.tsv,
gs://igvf-pertub-seq-pipeline-data/Gersbach_WTC11-benchmark_TF-Perturb-seq_HTv2/2026_02_04/2025/07/23/bd3471c6-4cda-4162-9fab-610d7c273695/IGVFFI9904KAGQ.fastq.gz,gs://igvf-pertub-seq-pipeline-data/Gersbach_WTC11-benchmark_TF-Perturb-seq_HTv2/2026_02_04/2025/07/23/41ebd618-6d83-43ad-9542-6492caf12c0e/IGVFFI8011MZUV.fastq.gz,gRNA,IGVFDS6261TOSA,2,1,gs://igvf-pertub-seq-pipeline-data/Gersbach_WTC11-benchmark_TF-Perturb-seq_HTv2/2026_02_04/patch/IGVFFI5680TKAM.yaml,gs://igvf-pertub-seq-pipeline-data/Gersbach_WTC11-benchmark_TF-Perturb-seq_HTv2/2026_02_04/patch/IGVFFI9487JPEN.tsv,gs://igvf-pertub-seq-pipeline-data/Gersbach_WTC11-benchmark_TF-Perturb-seq_HTv2/2026_02_04/patch/IGVFFI5765HMZH.tsv,
gs://igvf-pertub-seq-pipeline-data/Gersbach_WTC11-benchmark_TF-Perturb-seq_HTv2/2026_02_04/2025/07/23/5d398f99-bd01-46e2-85f6-e3f753ec51ca/IGVFFI9584ESCF.fastq.gz,gs://igvf-pertub-seq-pipeline-data/Gersbach_WTC11-benchmark_TF-Perturb-seq_HTv2/2026_02_04/2025/07/23/6334127b-919d-4ecd-adfb-94e601a0ee4d/IGVFFI0000HODQ.fastq.gz,gRNA,IGVFDS0685OMIS,2,1,gs://igvf-pertub-seq-pipeline-data/Gersbach_WTC11-benchmark_TF-Perturb-seq_HTv2/2026_02_04/patch/IGVFFI8970YTOV.yaml,gs://igvf-pertub-seq-pipeline-data/Gersbach_WTC11-benchmark_TF-Perturb-seq_HTv2/2026_02_04/patch/IGVFFI9487JPEN.tsv,gs://igvf-pertub-seq-pipeline-data/Gersbach_WTC11-benchmark_TF-Perturb-seq_HTv2/2026_02_04/patch/IGVFFI5765HMZH.tsv,
gs://igvf-pertub-seq-pipeline-data/Gersbach_WTC11-benchmark_TF-Perturb-seq_HTv2/2026_02_04/2025/07/23/fe5be6a4-29d4-499a-aba5-631c2b954c48/IGVFFI5310KRWO.fastq.gz,gs://igvf-pertub-seq-pipeline-data/Gersbach_WTC11-benchmark_TF-Perturb-seq_HTv2/2026_02_04/2025/07/23/3ac68649-391e-463d-9e14-2a1a3282eb43/IGVFFI0636SOOG.fastq.gz,gRNA,IGVFDS0685OMIS,2,5,gs://igvf-pertub-seq-pipeline-data/Gersbach_WTC11-benchmark_TF-Perturb-seq_HTv2/2026_02_04/patch/IGVFFI2257PVCP.yaml,gs://igvf-pertub-seq-pipeline-data/Gersbach_WTC11-benchmark_TF-Perturb-seq_HTv2/2026_02_04/patch/IGVFFI9487JPEN.tsv,gs://igvf-pertub-seq-pipeline-data/Gersbach_WTC11-benchmark_TF-Perturb-seq_HTv2/2026_02_04/patch/IGVFFI5765HMZH.tsv,
gs://igvf-pertub-seq-pipeline-data/Gersbach_WTC11-benchmark_TF-Perturb-seq_HTv2/2026_02_04/2025/07/23/366d9943-d892-4923-9add-42e47f44a7d5/IGVFFI2824NGTX.fastq.gz,gs://igvf-pertub-seq-pipeline-data/Gersbach_WTC11-benchmark_TF-Perturb-seq_HTv2/2026_02_04/2025/07/23/e2a5927d-4c21-404d-a6fe-e8ad71ce38cc/IGVFFI1292TENR.fastq.gz,gRNA,IGVFDS0685OMIS,2,3,gs://igvf-pertub-seq-pipeline-data/Gersbach_WTC11-benchmark_TF-Perturb-seq_HTv2/2026_02_04/patch/IGVFFI1490SRKG.yaml,gs://igvf-pertub-seq-pipeline-data/Gersbach_WTC11-benchmark_TF-Perturb-seq_HTv2/2026_02_04/patch/IGVFFI9487JPEN.tsv,gs://igvf-pertub-seq-pipeline-data/Gersbach_WTC11-benchmark_TF-Perturb-seq_HTv2/2026_02_04/patch/IGVFFI5765HMZH.tsv,
gs://igvf-pertub-seq-pipeline-data/Gersbach_WTC11-benchmark_TF-Perturb-seq_HTv2/2026_02_04/2025/07/23/01ae9857-62fa-4b4c-98c0-ad1062579369/IGVFFI2916HDZJ.fastq.gz,gs://igvf-pertub-seq-pipeline-data/Gersbach_WTC11-benchmark_TF-Perturb-seq_HTv2/2026_02_04/2025/07/23/eaf13fda-23e3-4739-81ba-30c2f6a9be48/IGVFFI3248YNXN.fastq.gz,gRNA,IGVFDS0685OMIS,2,7,gs://igvf-pertub-seq-pipeline-data/Gersbach_WTC11-benchmark_TF-Perturb-seq_HTv2/2026_02_04/patch/IGVFFI2756QIPC.yaml,gs://igvf-pertub-seq-pipeline-data/Gersbach_WTC11-benchmark_TF-Perturb-seq_HTv2/2026_02_04/patch/IGVFFI9487JPEN.tsv,gs://igvf-pertub-seq-pipeline-data/Gersbach_WTC11-benchmark_TF-Perturb-seq_HTv2/2026_02_04/patch/IGVFFI5765HMZH.tsv,
gs://igvf-pertub-seq-pipeline-data/Gersbach_WTC11-benchmark_TF-Perturb-seq_HTv2/2026_02_04/2025/07/23/40b43fce-7258-4834-922b-cab00ae3b7e8/IGVFFI3051VRHB.fastq.gz,gs://igvf-pertub-seq-pipeline-data/Gersbach_WTC11-benchmark_TF-Perturb-seq_HTv2/2026_02_04/2025/07/23/5ca6be92-4ad4-4a4f-8ff7-cdcc9a4c9ad9/IGVFFI4358WAAG.fastq.gz,gRNA,IGVFDS0685OMIS,2,4,gs://igvf-pertub-seq-pipeline-data/Gersbach_WTC11-benchmark_TF-Perturb-seq_HTv2/2026_02_04/patch/IGVFFI2148JIGE.yaml,gs://igvf-pertub-seq-pipeline-data/Gersbach_WTC11-benchmark_TF-Perturb-seq_HTv2/2026_02_04/patch/IGVFFI9487JPEN.tsv,gs://igvf-pertub-seq-pipeline-data/Gersbach_WTC11-benchmark_TF-Perturb-seq_HTv2/2026_02_04/patch/IGVFFI5765HMZH.tsv,
gs://igvf-pertub-seq-pipeline-data/Gersbach_WTC11-benchmark_TF-Perturb-seq_HTv2/2026_02_04/2025/07/23/5f16bd2c-666a-4094-aec9-9dc0cd2b53ea/IGVFFI6526XDVO.fastq.gz,gs://igvf-pertub-seq-pipeline-data/Gersbach_WTC11-benchmark_TF-Perturb-seq_HTv2/2026_02_04/2025/07/23/51b5841a-1c57-4b1b-a530-2fe17f0c38af/IGVFFI6419OHIL.fastq.gz,gRNA,IGVFDS0685OMIS,2,2,gs://igvf-pertub-seq-pipeline-data/Gersbach_WTC11-benchmark_TF-Perturb-seq_HTv2/2026_02_04/patch/IGVFFI6643CAVQ.yaml,gs://igvf-pertub-seq-pipeline-data/Gersbach_WTC11-benchmark_TF-Perturb-seq_HTv2/2026_02_04/patch/IGVFFI9487JPEN.tsv,gs://igvf-pertub-seq-pipeline-data/Gersbach_WTC11-benchmark_TF-Perturb-seq_HTv2/2026_02_04/patch/IGVFFI5765HMZH.tsv,
gs://igvf-pertub-seq-pipeline-data/Gersbach_WTC11-benchmark_TF-Perturb-seq_HTv2/2026_02_04/2025/07/23/d4014289-c9b0-437f-a771-a1309cf1a019/IGVFFI6449FBQJ.fastq.gz,gs://igvf-pertub-seq-pipeline-data/Gersbach_WTC11-benchmark_TF-Perturb-seq_HTv2/2026_02_04/2025/07/23/f4417b8f-b3ea-4650-8616-efc0dd88b21c/IGVFFI7528ZIPY.fastq.gz,gRNA,IGVFDS0685OMIS,2,8,gs://igvf-pertub-seq-pipeline-data/Gersbach_WTC11-benchmark_TF-Perturb-seq_HTv2/2026_02_04/patch/IGVFFI9789XKYX.yaml,gs://igvf-pertub-seq-pipeline-data/Gersbach_WTC11-benchmark_TF-Perturb-seq_HTv2/2026_02_04/patch/IGVFFI9487JPEN.tsv,gs://igvf-pertub-seq-pipeline-data/Gersbach_WTC11-benchmark_TF-Perturb-seq_HTv2/2026_02_04/patch/IGVFFI5765HMZH.tsv,
gs://igvf-pertub-seq-pipeline-data/Gersbach_WTC11-benchmark_TF-Perturb-seq_HTv2/2026_02_04/2025/07/23/5c4b5134-7b2f-4b9e-be6d-1773abeb3e7a/IGVFFI7722ENFE.fastq.gz,gs://igvf-pertub-seq-pipeline-data/Gersbach_WTC11-benchmark_TF-Perturb-seq_HTv2/2026_02_04/2025/07/23/8a6d8fee-6a44-4685-b1a1-37786746974c/IGVFFI6985VGDS.fastq.gz,gRNA,IGVFDS0685OMIS,2,6,gs://igvf-pertub-seq-pipeline-data/Gersbach_WTC11-benchmark_TF-Perturb-seq_HTv2/2026_02_04/patch/IGVFFI3147SLSZ.yaml,gs://igvf-pertub-seq-pipeline-data/Gersbach_WTC11-benchmark_TF-Perturb-seq_HTv2/2026_02_04/patch/IGVFFI9487JPEN.tsv,gs://igvf-pertub-seq-pipeline-data/Gersbach_WTC11-benchmark_TF-Perturb-seq_HTv2/2026_02_04/patch/IGVFFI5765HMZH.tsv,
gs://igvf-pertub-seq-pipeline-data/Gersbach_WTC11-benchmark_TF-Perturb-seq_HTv2/2026_02_04/2025/07/23/7319ef41-a742-47fc-9739-3dc6ac6c07e5/IGVFFI1809KYWF.fastq.gz,gs://igvf-pertub-seq-pipeline-data/Gersbach_WTC11-benchmark_TF-Perturb-seq_HTv2/2026_02_04/2025/07/23/38476cdf-dbf6-4137-8874-9e632ef3627f/IGVFFI0281KKDW.fastq.gz,gRNA,IGVFDS1940ANXO,2,1,gs://igvf-pertub-seq-pipeline-data/Gersbach_WTC11-benchmark_TF-Perturb-seq_HTv2/2026_02_04/patch/IGVFFI1572MKFP.yaml,gs://igvf-pertub-seq-pipeline-data/Gersbach_WTC11-benchmark_TF-Perturb-seq_HTv2/2026_02_04/patch/IGVFFI9487JPEN.tsv,gs://igvf-pertub-seq-pipeline-data/Gersbach_WTC11-benchmark_TF-Perturb-seq_HTv2/2026_02_04/patch/IGVFFI5765HMZH.tsv,
gs://igvf-pertub-seq-pipeline-data/Gersbach_WTC11-benchmark_TF-Perturb-seq_HTv2/2026_02_04/2025/07/23/361aaa1d-11fb-4fe8-a2b4-05a8c20a89c6/IGVFFI5884RWTF.fastq.gz,gs://igvf-pertub-seq-pipeline-data/Gersbach_WTC11-benchmark_TF-Perturb-seq_HTv2/2026_02_04/2025/07/23/8f3957a9-5a3a-40dd-89b1-254ed0b6e4c4/IGVFFI1051WFUV.fastq.gz,gRNA,IGVFDS1940ANXO,2,8,gs://igvf-pertub-seq-pipeline-data/Gersbach_WTC11-benchmark_TF-Perturb-seq_HTv2/2026_02_04/patch/IGVFFI5476ZWRC.yaml,gs://igvf-pertub-seq-pipeline-data/Gersbach_WTC11-benchmark_TF-Perturb-seq_HTv2/2026_02_04/patch/IGVFFI9487JPEN.tsv,gs://igvf-pertub-seq-pipeline-data/Gersbach_WTC11-benchmark_TF-Perturb-seq_HTv2/2026_02_04/patch/IGVFFI5765HMZH.tsv,
gs://igvf-pertub-seq-pipeline-data/Gersbach_WTC11-benchmark_TF-Perturb-seq_HTv2/2026_02_04/2025/07/23/d2d376a3-40fa-4b73-ba17-6d2d614433d2/IGVFFI1171NAOX.fastq.gz,gs://igvf-pertub-seq-pipeline-data/Gersbach_WTC11-benchmark_TF-Perturb-seq_HTv2/2026_02_04/2025/07/23/01ab44f8-b922-4fe9-ada6-6b18f0cec69c/IGVFFI6947FKFR.fastq.gz,gRNA,IGVFDS1940ANXO,2,3,gs://igvf-pertub-seq-pipeline-data/Gersbach_WTC11-benchmark_TF-Perturb-seq_HTv2/2026_02_04/patch/IGVFFI4189ERPQ.yaml,gs://igvf-pertub-seq-pipeline-data/Gersbach_WTC11-benchmark_TF-Perturb-seq_HTv2/2026_02_04/patch/IGVFFI9487JPEN.tsv,gs://igvf-pertub-seq-pipeline-data/Gersbach_WTC11-benchmark_TF-Perturb-seq_HTv2/2026_02_04/patch/IGVFFI5765HMZH.tsv,
gs://igvf-pertub-seq-pipeline-data/Gersbach_WTC11-benchmark_TF-Perturb-seq_HTv2/2026_02_04/2025/07/23/d7ede257-4c35-467e-9947-ad6af519db56/IGVFFI4779SQTL.fastq.gz,gs://igvf-pertub-seq-pipeline-data/Gersbach_WTC11-benchmark_TF-Perturb-seq_HTv2/2026_02_04/2025/07/23/135f1578-6e40-49a4-9d30-50b37a717d83/IGVFFI3995VDVY.fastq.gz,gRNA,IGVFDS1940ANXO,2,6,gs://igvf-pertub-seq-pipeline-data/Gersbach_WTC11-benchmark_TF-Perturb-seq_HTv2/2026_02_04/patch/IGVFFI9626QPYJ.yaml,gs://igvf-pertub-seq-pipeline-data/Gersbach_WTC11-benchmark_TF-Perturb-seq_HTv2/2026_02_04/patch/IGVFFI9487JPEN.tsv,gs://igvf-pertub-seq-pipeline-data/Gersbach_WTC11-benchmark_TF-Perturb-seq_HTv2/2026_02_04/patch/IGVFFI5765HMZH.tsv,
gs://igvf-pertub-seq-pipeline-data/Gersbach_WTC11-benchmark_TF-Perturb-seq_HTv2/2026_02_04/2025/07/23/b6bb50d9-fe2f-44da-8e97-dbfbd42d031e/IGVFFI4090UQTE.fastq.gz,gs://igvf-pertub-seq-pipeline-data/Gersbach_WTC11-benchmark_TF-Perturb-seq_HTv2/2026_02_04/2025/07/23/44ba44cc-63ba-4ba5-9a32-cf2468aa6ab9/IGVFFI6248TMAU.fastq.gz,gRNA,IGVFDS1940ANXO,2,5,gs://igvf-pertub-seq-pipeline-data/Gersbach_WTC11-benchmark_TF-Perturb-seq_HTv2/2026_02_04/patch/IGVFFI0467ISAP.yaml,gs://igvf-pertub-seq-pipeline-data/Gersbach_WTC11-benchmark_TF-Perturb-seq_HTv2/2026_02_04/patch/IGVFFI9487JPEN.tsv,gs://igvf-pertub-seq-pipeline-data/Gersbach_WTC11-benchmark_TF-Perturb-seq_HTv2/2026_02_04/patch/IGVFFI5765HMZH.tsv,
gs://igvf-pertub-seq-pipeline-data/Gersbach_WTC11-benchmark_TF-Perturb-seq_HTv2/2026_02_04/2025/07/23/211ab605-933c-4cd1-bccf-0e770b257eac/IGVFFI7849UNGP.fastq.gz,gs://igvf-pertub-seq-pipeline-data/Gersbach_WTC11-benchmark_TF-Perturb-seq_HTv2/2026_02_04/2025/07/23/bb16d447-35a8-4904-ab6a-f0d221b80ed3/IGVFFI6730ZLKD.fastq.gz,gRNA,IGVFDS1940ANXO,2,2,gs://igvf-pertub-seq-pipeline-data/Gersbach_WTC11-benchmark_TF-Perturb-seq_HTv2/2026_02_04/patch/IGVFFI7426GTQS.yaml,gs://igvf-pertub-seq-pipeline-data/Gersbach_WTC11-benchmark_TF-Perturb-seq_HTv2/2026_02_04/patch/IGVFFI9487JPEN.tsv,gs://igvf-pertub-seq-pipeline-data/Gersbach_WTC11-benchmark_TF-Perturb-seq_HTv2/2026_02_04/patch/IGVFFI5765HMZH.tsv,
gs://igvf-pertub-seq-pipeline-data/Gersbach_WTC11-benchmark_TF-Perturb-seq_HTv2/2026_02_04/2025/07/23/6af2629f-012c-45a4-89b3-ff1efd6c3e39/IGVFFI7034JHMF.fastq.gz,gs://igvf-pertub-seq-pipeline-data/Gersbach_WTC11-benchmark_TF-Perturb-seq_HTv2/2026_02_04/2025/07/23/4c6855ae-1432-4c28-89e7-9188b548e915/IGVFFI8345ULSX.fastq.gz,gRNA,IGVFDS1940ANXO,2,7,gs://igvf-pertub-seq-pipeline-data/Gersbach_WTC11-benchmark_TF-Perturb-seq_HTv2/2026_02_04/patch/IGVFFI4556HOVD.yaml,gs://igvf-pertub-seq-pipeline-data/Gersbach_WTC11-benchmark_TF-Perturb-seq_HTv2/2026_02_04/patch/IGVFFI9487JPEN.tsv,gs://igvf-pertub-seq-pipeline-data/Gersbach_WTC11-benchmark_TF-Perturb-seq_HTv2/2026_02_04/patch/IGVFFI5765HMZH.tsv,
gs://igvf-pertub-seq-pipeline-data/Gersbach_WTC11-benchmark_TF-Perturb-seq_HTv2/2026_02_04/2025/07/23/582498d3-d192-49a5-a9d1-2cc0aab80814/IGVFFI9321TCMR.fastq.gz,gs://igvf-pertub-seq-pipeline-data/Gersbach_WTC11-benchmark_TF-Perturb-seq_HTv2/2026_02_04/2025/07/23/81bd81da-ad26-4897-96e4-cc941490fee2/IGVFFI7801XQLB.fastq.gz,gRNA,IGVFDS1940ANXO,2,4,gs://igvf-pertub-seq-pipeline-data/Gersbach_WTC11-benchmark_TF-Perturb-seq_HTv2/2026_02_04/patch/IGVFFI7632IZCM.yaml,gs://igvf-pertub-seq-pipeline-data/Gersbach_WTC11-benchmark_TF-Perturb-seq_HTv2/2026_02_04/patch/IGVFFI9487JPEN.tsv,gs://igvf-pertub-seq-pipeline-data/Gersbach_WTC11-benchmark_TF-Perturb-seq_HTv2/2026_02_04/patch/IGVFFI5765HMZH.tsv,
